row_id,preds
0,1
1,2
2,2
3,5
4,3
5,5
6,0
7,6
8,1
9,4
10,8
11,0
12,6
13,9
14,1
15,8
16,7
17,7
18,5
19,4
20,6
21,7
22,7
23,5
24,3
25,1
26,9
27,1
28,6
29,4
30,1
31,0
32,2
33,3
34,6
35,0
36,0
37,2
38,0
39,7
40,8
41,0
42,5
43,4
44,2
45,9
46,7
47,8
48,9
49,0
50,3
51,0
52,9
53,8
54,6
55,2
56,7
57,1
58,5
59,1
60,6
61,9
62,8
63,5
64,9
65,4
66,0
67,1
68,4
69,4
70,9
71,5
72,6
73,3
74,3
75,3
76,3
77,6
78,4
79,2
80,2
81,9
82,7
83,2
84,6
85,3
86,6
87,9
88,8
89,6
90,5
91,0
92,2
93,0
94,1
95,9
96,9
97,5
98,9
99,8
100,9
101,2
102,4
103,9
104,5
105,9
106,6
107,2
108,3
109,2
110,6
111,3
112,6
113,6
114,2
115,5
116,1
117,4
118,1
119,5
120,6
121,4
122,3
123,5
124,2
125,1
126,9
127,4
128,3
129,7
130,1
131,2
132,1
133,2
134,3
135,3
136,9
137,9
138,7
139,7
140,2
141,6
142,7
143,3
144,0
145,6
146,9
147,8
148,1
149,0
150,9
151,8
152,4
153,4
154,8
155,7
156,2
157,6
158,3
159,7
160,5
161,0
162,5
163,3
164,0
165,5
166,0
167,2
168,5
169,3
170,5
171,1
172,5
173,4
174,2
175,2
176,6
177,2
178,6
179,0
180,2
181,7
182,9
183,8
184,1
185,2
186,8
187,4
188,3
189,5
190,3
191,4
192,1
193,5
194,3
195,2
196,2
197,2
198,0
199,4
200,6
201,1
202,1
203,5
204,6
205,3
206,0
207,8
208,2
209,5
210,2
211,5
212,4
213,7
214,1
215,6
216,2
217,9
218,6
219,0
220,8
221,8
222,4
223,1
224,3
225,9
226,1
227,7
228,1
229,7
230,8
231,6
232,0
233,4
234,1
235,6
236,0
237,3
238,4
239,5
240,1
241,2
242,5
243,9
244,3
245,2
246,0
247,9
248,6
249,8
250,9
251,3
252,4
253,2
254,7
255,5
256,6
257,6
258,6
259,1
260,5
261,6
262,4
263,4
264,4
265,8
266,8
267,1
268,2
269,0
270,4
271,6
272,2
273,9
274,0
275,6
276,5
277,9
278,1
279,9
280,1
281,9
282,4
283,0
284,3
285,0
286,2
287,5
288,3
289,6
290,6
291,5
292,5
293,6
294,0
295,6
296,0
297,4
298,0
299,5
300,1
301,1
302,7
303,6
304,6
305,7
306,9
307,9
308,2
309,5
310,3
311,6
312,0
313,9
314,3
315,4
316,4
317,8
318,4
319,7
320,2
321,2
322,1
323,1
324,0
325,4
326,1
327,2
328,1
329,6
330,1
331,9
332,7
333,1
334,5
335,3
336,0
337,5
338,0
339,4
340,8
341,3
342,9
343,6
344,0
345,3
346,2
347,6
348,0
349,9
350,5
351,2
352,8
353,2
354,9
355,8
356,2
357,8
358,0
359,6
360,5
361,0
362,0
363,7
364,5
365,3
366,1
367,7
368,9
369,7
370,7
371,2
372,9
373,2
374,0
375,8
376,7
377,9
378,2
379,3
380,0
381,9
382,5
383,2
384,7
385,3
386,9
387,6
388,9
389,9
390,7
391,2
392,8
393,3
394,6
395,5
396,2
397,5
398,7
399,9
400,9
401,5
402,5
403,7
404,6
405,9
406,2
407,5
408,4
409,5
410,1
411,4
412,4
413,1
414,7
415,6
416,0
417,5
418,8
419,1
420,3
421,2
422,1
423,9
424,1
425,6
426,0
427,3
428,6
429,2
430,9
431,5
432,9
433,9
434,6
435,4
436,1
437,4
438,1
439,2
440,9
441,9
442,2
443,0
444,2
445,9
446,6
447,7
448,0
449,7
450,2
451,3
452,2
453,0
454,7
455,0
456,3
457,9
458,6
459,1
460,9
461,3
462,1
463,4
464,7
465,5
466,6
467,1
468,3
469,3
470,9
471,7
472,8
473,5
474,8
475,7
476,3
477,3
478,3
479,1
480,3
481,1
482,1
483,6
484,6
485,5
486,7
487,8
488,2
489,5
490,8
491,6
492,1
493,7
494,6
495,3
496,0
497,4
498,1
499,5
500,4
501,3
502,7
503,8
504,4
505,4
506,0
507,6
508,2
509,4
510,0
511,7
512,1
513,1
514,4
515,5
516,5
517,1
518,2
519,8
520,3
521,8
522,0
523,5
524,8
525,3
526,4
527,4
528,8
529,0
530,9
531,9
532,1
533,5
534,8
535,4
536,9
537,4
538,3
539,7
540,0
541,5
542,2
543,7
544,7
545,4
546,9
547,9
548,0
549,9
550,0
551,2
552,3
553,9
554,2
555,0
556,7
557,3
558,6
559,4
560,8
561,0
562,1
563,2
564,3
565,6
566,2
567,4
568,1
569,5
570,2
571,7
572,9
573,2
574,0
575,1
576,9
577,9
578,0
579,7
580,8
581,2
582,4
583,9
584,4
585,7
586,1
587,4
588,3
589,4
590,9
591,3
592,9
593,6
594,3
595,1
596,6
597,7
598,6
599,0
600,8
601,8
602,0
603,5
604,2
605,1
606,4
607,1
608,7
609,1
610,4
611,0
612,0
613,5
614,2
615,8
616,9
617,4
618,8
619,6
620,2
621,2
622,8
623,5
624,4
625,4
626,7
627,6
628,6
629,0
630,6
631,9
632,3
633,5
634,9
635,1
636,5
637,7
638,9
639,2
640,5
641,1
642,7
643,7
644,0
645,7
646,6
647,7
648,1
649,2
650,7
651,6
652,1
653,4
654,5
655,1
656,9
657,0
658,0
659,9
660,4
661,7
662,1
663,0
664,2
665,8
666,9
667,5
668,2
669,1
670,0
671,1
672,2
673,4
674,7
675,3
676,6
677,0
678,6
679,8
680,3
681,2
682,0
683,9
684,1
685,6
686,4
687,5
688,3
689,7
690,5
691,7
692,5
693,7
694,1
695,4
696,0
697,8
698,9
699,6
700,2
701,5
702,0
703,1
704,9
705,8
706,3
707,8
708,0
709,8
710,9
711,3
712,4
713,8
714,6
715,4
716,4
717,8
718,8
719,8
720,8
721,5
722,6
723,6
724,8
725,4
726,3
727,0
728,1
729,6
730,9
731,8
732,4
733,7
734,2
735,3
736,1
737,6
738,7
739,4
740,0
741,7
742,4
743,0
744,5
745,6
746,3
747,5
748,3
749,3
750,9
751,0
752,9
753,9
754,7
755,1
756,0
757,2
758,9
759,1
760,6
761,7
762,1
763,0
764,0
765,3
766,3
767,9
768,2
769,6
770,1
771,3
772,3
773,9
774,1
775,4
776,0
777,3
778,7
779,2
780,4
781,1
782,0
783,5
784,2
785,2
786,9
787,7
788,7
789,6
790,7
791,0
792,2
793,0
794,3
795,6
796,0
797,3
798,6
799,4
800,9
801,3
802,3
803,6
804,9
805,4
806,4
807,4
808,1
809,5
810,0
811,2
812,6
813,1
814,1
815,5
816,7
817,8
818,1
819,9
820,6
821,5
822,9
823,0
824,1
825,9
826,1
827,9
828,7
829,2
830,4
831,5
832,3
833,2
834,2
835,1
836,3
837,3
838,6
839,1
840,7
841,2
842,0
843,1
844,9
845,5
846,8
847,0
848,4
849,6
850,4
851,7
852,2
853,7
854,2
855,4
856,5
857,1
858,7
859,8
860,0
861,4
862,2
863,1
864,4
865,4
866,6
867,1
868,9
869,3
870,8
871,5
872,3
873,2
874,2
875,2
876,5
877,6
878,4
879,8
880,3
881,8
882,1
883,1
884,8
885,3
886,2
887,3
888,1
889,6
890,0
891,6
892,7
893,9
894,1
895,5
896,1
897,3
898,6
899,7
900,6
901,3
902,8
903,1
904,0
905,8
906,8
907,2
908,3
909,7
910,0
911,5
912,6
913,7
914,5
915,3
916,3
917,7
918,6
919,6
920,4
921,8
922,7
923,8
924,5
925,7
926,7
927,6
928,4
929,2
930,8
931,1
932,4
933,2
934,4
935,9
936,2
937,3
938,1
939,0
940,3
941,8
942,4
943,1
944,1
945,9
946,3
947,0
948,7
949,4
950,7
951,1
952,9
953,7
954,7
955,6
956,9
957,1
958,0
959,4
960,3
961,2
962,0
963,9
964,2
965,6
966,5
967,7
968,9
969,9
970,9
971,6
972,3
973,0
974,7
975,8
976,2
977,7
978,5
979,8
980,5
981,3
982,8
983,4
984,9
985,4
986,2
987,0
988,7
989,8
990,2
991,9
992,1
993,6
994,5
995,3
996,0
997,9
998,9
999,6
1000,6
1001,2
1002,4
1003,2
1004,6
1005,6
1006,6
1007,8
1008,1
1009,4
1010,9
1011,3
1012,2
1013,7
1014,2
1015,3
1016,6
1017,8
1018,4
1019,0
1020,6
1021,1
1022,1
1023,8
1024,6
1025,2
1026,1
1027,1
1028,3
1029,5
1030,0
1031,1
1032,7
1033,7
1034,9
1035,2
1036,4
1037,5
1038,2
1039,6
1040,9
1041,4
1042,2
1043,4
1044,4
1045,0
1046,9
1047,3
1048,7
1049,9
1050,0
1051,2
1052,2
1053,6
1054,8
1055,4
1056,0
1057,8
1058,1
1059,4
1060,0
1061,9
1062,0
1063,7
1064,2
1065,4
1066,8
1067,8
1068,5
1069,4
1070,1
1071,8
1072,4
1073,9
1074,8
1075,4
1076,5
1077,0
1078,3
1079,0
1080,1
1081,9
1082,8
1083,5
1084,2
1085,7
1086,1
1087,0
1088,3
1089,3
1090,9
1091,3
1092,2
1093,8
1094,8
1095,2
1096,9
1097,6
1098,8
1099,0
1100,0
1101,3
1102,8
1103,2
1104,0
1105,3
1106,7
1107,8
1108,6
1109,8
1110,2
1111,0
1112,0
1113,9
1114,7
1115,1
1116,1
1117,8
1118,7
1119,3
1120,1
1121,2
1122,4
1123,0
1124,7
1125,9
1126,9
1127,0
1128,1
1129,8
1130,7
1131,4
1132,2
1133,1
1134,5
1135,2
1136,2
1137,8
1138,8
1139,5
1140,8
1141,8
1142,5
1143,7
1144,4
1145,5
1146,9
1147,7
1148,5
1149,3
1150,8
1151,5
1152,4
1153,9
1154,5
1155,2
1156,4
1157,4
1158,0
1159,1
1160,3
1161,0
1162,8
1163,3
1164,0
1165,2
1166,6
1167,0
1168,1
1169,8
1170,3
1171,4
1172,6
1173,3
1174,6
1175,0
1176,6
1177,6
1178,2
1179,6
1180,2
1181,6
1182,6
1183,0
1184,8
1185,7
1186,6
1187,3
1188,7
1189,3
1190,0
1191,4
1192,9
1193,7
1194,8
1195,3
1196,1
1197,9
1198,4
1199,3
1200,0
1201,0
1202,7
1203,0
1204,1
1205,9
1206,7
1207,4
1208,1
1209,8
1210,0
1211,1
1212,9
1213,7
1214,3
1215,7
1216,3
1217,1
1218,3
1219,9
1220,5
1221,8
1222,4
1223,2
1224,5
1225,0
1226,3
1227,1
1228,7
1229,9
1230,6
1231,3
1232,5
1233,7
1234,5
1235,8
1236,1
1237,5
1238,6
1239,8
1240,7
1241,6
1242,3
1243,8
1244,6
1245,3
1246,0
1247,6
1248,0
1249,2
1250,1
1251,1
1252,8
1253,5
1254,3
1255,8
1256,8
1257,4
1258,7
1259,4
1260,6
1261,1
1262,3
1263,3
1264,4
1265,5
1266,8
1267,3
1268,6
1269,0
1270,6
1271,1
1272,4
1273,2
1274,7
1275,7
1276,8
1277,6
1278,4
1279,3
1280,3
1281,9
1282,3
1283,8
1284,5
1285,4
1286,6
1287,6
1288,6
1289,7
1290,5
1291,4
1292,3
1293,4
1294,6
1295,1
1296,3
1297,9
1298,0
1299,3
1300,6
1301,8
1302,3
1303,1
1304,7
1305,6
1306,2
1307,0
1308,5
1309,5
1310,8
1311,6
1312,0
1313,2
1314,5
1315,4
1316,7
1317,0
1318,6
1319,1
1320,8
1321,3
1322,0
1323,2
1324,1
1325,1
1326,4
1327,3
1328,7
1329,5
1330,2
1331,3
1332,0
1333,3
1334,3
1335,1
1336,3
1337,1
1338,1
1339,7
1340,8
1341,4
1342,6
1343,0
1344,6
1345,1
1346,7
1347,5
1348,8
1349,0
1350,1
1351,3
1352,2
1353,1
1354,8
1355,8
1356,8
1357,3
1358,6
1359,9
1360,0
1361,2
1362,4
1363,6
1364,5
1365,2
1366,3
1367,7
1368,7
1369,2
1370,2
1371,4
1372,4
1373,5
1374,2
1375,0
1376,6
1377,5
1378,8
1379,1
1380,3
1381,8
1382,3
1383,5
1384,6
1385,8
1386,6
1387,3
1388,2
1389,2
1390,2
1391,7
1392,7
1393,4
1394,0
1395,1
1396,1
1397,2
1398,8
1399,5
1400,9
1401,0
1402,3
1403,3
1404,6
1405,6
1406,4
1407,3
1408,8
1409,7
1410,2
1411,5
1412,3
1413,5
1414,1
1415,2
1416,4
1417,0
1418,1
1419,9
1420,3
1421,5
1422,2
1423,0
1424,1
1425,2
1426,4
1427,7
1428,6
1429,8
1430,0
1431,5
1432,4
1433,9
1434,5
1435,0
1436,6
1437,4
1438,1
1439,0
1440,0
1441,6
1442,5
1443,5
1444,8
1445,2
1446,1
1447,1
1448,4
1449,4
1450,0
1451,7
1452,9
1453,1
1454,0
1455,7
1456,9
1457,3
1458,8
1459,3
1460,7
1461,7
1462,2
1463,3
1464,2
1465,1
1466,5
1467,2
1468,7
1469,0
1470,1
1471,3
1472,2
1473,3
1474,6
1475,2
1476,0
1477,3
1478,7
1479,1
1480,2
1481,8
1482,6
1483,8
1484,8
1485,8
1486,2
1487,7
1488,3
1489,0
1490,7
1491,3
1492,0
1493,2
1494,8
1495,3
1496,6
1497,7
1498,1
1499,5
1500,8
1501,5
1502,6
1503,7
1504,0
1505,5
1506,4
1507,0
1508,1
1509,7
1510,0
1511,9
1512,3
1513,7
1514,3
1515,3
1516,4
1517,9
1518,2
1519,1
1520,2
1521,2
1522,5
1523,0
1524,2
1525,1
1526,6
1527,6
1528,9
1529,4
1530,1
1531,9
1532,5
1533,2
1534,8
1535,2
1536,9
1537,4
1538,5
1539,5
1540,3
1541,4
1542,7
1543,9
1544,6
1545,7
1546,8
1547,8
1548,7
1549,8
1550,8
1551,7
1552,9
1553,0
1554,9
1555,0
1556,0
1557,9
1558,7
1559,1
1560,3
1561,9
1562,7
1563,1
1564,6
1565,3
1566,3
1567,0
1568,7
1569,1
1570,3
1571,8
1572,8
1573,0
1574,1
1575,3
1576,2
1577,3
1578,5
1579,7
1580,1
1581,5
1582,5
1583,8
1584,6
1585,1
1586,3
1587,7
1588,7
1589,8
1590,0
1591,5
1592,3
1593,5
1594,8
1595,5
1596,6
1597,5
1598,0
1599,2
1600,1
1601,3
1602,0
1603,0
1604,9
1605,8
1606,6
1607,0
1608,6
1609,1
1610,1
1611,7
1612,3
1613,9
1614,1
1615,1
1616,9
1617,6
1618,7
1619,9
1620,1
1621,4
1622,7
1623,8
1624,0
1625,7
1626,0
1627,0
1628,6
1629,3
1630,8
1631,3
1632,4
1633,2
1634,6
1635,8
1636,0
1637,6
1638,5
1639,4
1640,5
1641,8
1642,9
1643,4
1644,1
1645,1
1646,8
1647,0
1648,1
1649,0
1650,4
1651,5
1652,3
1653,1
1654,4
1655,1
1656,0
1657,8
1658,1
1659,1
1660,0
1661,0
1662,2
1663,8
1664,0
1665,2
1666,1
1667,5
1668,0
1669,9
1670,9
1671,4
1672,9
1673,9
1674,2
1675,2
1676,8
1677,0
1678,3
1679,3
1680,4
1681,4
1682,6
1683,7
1684,3
1685,3
1686,8
1687,4
1688,4
1689,6
1690,2
1691,9
1692,8
1693,2
1694,2
1695,8
1696,6
1697,8
1698,3
1699,7
1700,6
1701,2
1702,4
1703,3
1704,2
1705,6
1706,9
1707,2
1708,3
1709,8
1710,0
1711,1
1712,9
1713,4
1714,1
1715,7
1716,0
1717,1
1718,3
1719,2
1720,0
1721,1
1722,2
1723,0
1724,1
1725,7
1726,8
1727,2
1728,0
1729,6
1730,6
1731,0
1732,9
1733,8
1734,2
1735,2
1736,4
1737,0
1738,3
1739,8
1740,7
1741,0
1742,7
1743,0
1744,5
1745,8
1746,1
1747,8
1748,0
1749,3
1750,9
1751,0
1752,2
1753,2
1754,7
1755,3
1756,4
1757,8
1758,1
1759,5
1760,9
1761,8
1762,6
1763,9
1764,7
1765,1
1766,8
1767,3
1768,3
1769,9
1770,9
1771,4
1772,8
1773,3
1774,7
1775,7
1776,9
1777,7
1778,4
1779,9
1780,1
1781,0
1782,7
1783,2
1784,6
1785,3
1786,2
1787,7
1788,0
1789,8
1790,8
1791,7
1792,1
1793,1
1794,1
1795,9
1796,2
1797,5
1798,8
1799,3
1800,5
1801,7
1802,1
1803,3
1804,6
1805,1
1806,3
1807,9
1808,3
1809,8
1810,7
1811,8
1812,1
1813,2
1814,4
1815,0
1816,6
1817,2
1818,7
1819,9
1820,4
1821,3
1822,7
1823,9
1824,1
1825,3
1826,1
1827,0
1828,0
1829,2
1830,4
1831,6
1832,7
1833,3
1834,7
1835,5
1836,5
1837,7
1838,8
1839,7
1840,1
1841,3
1842,2
1843,0
1844,4
1845,1
1846,9
1847,9
1848,8
1849,6
1850,7
1851,7
1852,3
1853,5
1854,4
1855,7
1856,1
1857,7
1858,7
1859,1
1860,7
1861,2
1862,6
1863,5
1864,7
1865,8
1866,9
1867,6
1868,7
1869,3
1870,1
1871,6
1872,7
1873,1
1874,3
1875,3
1876,1
1877,1
1878,6
1879,0
1880,6
1881,7
1882,7
1883,4
1884,8
1885,7
1886,2
1887,7
1888,0
1889,8
1890,4
1891,0
1892,5
1893,1
1894,1
1895,3
1896,8
1897,1
1898,5
1899,6
1900,7
1901,1
1902,6
1903,5
1904,0
1905,9
1906,0
1907,9
1908,7
1909,8
1910,1
1911,1
1912,8
1913,5
1914,6
1915,7
1916,4
1917,8
1918,2
1919,0
1920,2
1921,4
1922,3
1923,1
1924,0
1925,0
1926,5
1927,9
1928,6
1929,5
1930,6
1931,5
1932,9
1933,5
1934,5
1935,9
1936,9
1937,7
1938,3
1939,1
1940,8
1941,0
1942,8
1943,0
1944,3
1945,9
1946,4
1947,8
1948,4
1949,7
1950,9
1951,9
1952,0
1953,1
1954,0
1955,0
1956,9
1957,1
1958,1
1959,3
1960,3
1961,9
1962,4
1963,4
1964,0
1965,7
1966,2
1967,0
1968,0
1969,3
1970,6
1971,6
1972,1
1973,5
1974,4
1975,9
1976,8
1977,6
1978,2
1979,9
1980,5
1981,6
1982,5
1983,7
1984,5
1985,7
1986,1
1987,3
1988,1
1989,1
1990,3
1991,4
1992,2
1993,9
1994,4
1995,6
1996,2
1997,4
1998,8
1999,8
2000,3
2001,6
2002,7
2003,6
2004,2
2005,1
2006,2
2007,6
2008,1
2009,2
2010,8
2011,3
2012,3
2013,6
2014,5
2015,1
2016,8
2017,0
2018,5
2019,9
2020,9
2021,3
2022,8
2023,5
2024,3
2025,6
2026,0
2027,2
2028,6
2029,7
2030,4
2031,3
2032,0
2033,1
2034,5
2035,1
2036,1
2037,8
2038,7
2039,2
2040,9
2041,9
2042,6
2043,0
2044,2
2045,4
2046,3
2047,1
2048,5
2049,3
2050,4
2051,2
2052,9
2053,1
2054,8
2055,7
2056,5
2057,7
2058,2
2059,0
2060,6
2061,4
2062,3
2063,1
2064,7
2065,4
2066,4
2067,2
2068,6
2069,7
2070,9
2071,4
2072,2
2073,3
2074,0
2075,3
2076,6
2077,7
2078,2
2079,1
2080,5
2081,8
2082,8
2083,0
2084,1
2085,4
2086,5
2087,9
2088,7
2089,8
2090,5
2091,6
2092,4
2093,3
2094,8
2095,7
2096,2
2097,5
2098,3
2099,6
2100,9
2101,2
2102,1
2103,8
2104,7
2105,9
2106,0
2107,4
2108,7
2109,7
2110,9
2111,7
2112,0
2113,0
2114,2
2115,6
2116,9
2117,8
2118,3
2119,6
2120,0
2121,7
2122,7
2123,1
2124,7
2125,5
2126,9
2127,1
2128,6
2129,6
2130,4
2131,2
2132,9
2133,3
2134,9
2135,1
2136,5
2137,8
2138,3
2139,9
2140,5
2141,4
2142,2
2143,7
2144,2
2145,2
2146,9
2147,8
2148,7
2149,2
2150,1
2151,8
2152,4
2153,5
2154,8
2155,5
2156,4
2157,7
2158,5
2159,1
2160,9
2161,9
2162,8
2163,8
2164,2
2165,8
2166,5
2167,1
2168,7
2169,2
2170,9
2171,6
2172,0
2173,4
2174,4
2175,8
2176,2
2177,9
2178,9
2179,0
2180,7
2181,1
2182,5
2183,9
2184,8
2185,4
2186,2
2187,2
2188,9
2189,6
2190,5
2191,3
2192,3
2193,8
2194,1
2195,8
2196,2
2197,9
2198,6
2199,4
2200,0
2201,9
2202,1
2203,1
2204,1
2205,3
2206,6
2207,1
2208,9
2209,7
2210,6
2211,5
2212,7
2213,0
2214,2
2215,1
2216,9
2217,5
2218,7
2219,0
2220,4
2221,5
2222,2
2223,2
2224,7
2225,5
2226,4
2227,1
2228,8
2229,8
2230,3
2231,6
2232,0
2233,7
2234,8
2235,8
2236,9
2237,5
2238,7
2239,5
2240,3
2241,8
2242,1
2243,9
2244,1
2245,8
2246,2
2247,3
2248,3
2249,6
2250,1
2251,7
2252,5
2253,9
2254,4
2255,2
2256,5
2257,1
2258,6
2259,1
2260,7
2261,4
2262,0
2263,1
2264,6
2265,8
2266,8
2267,5
2268,7
2269,4
2270,8
2271,1
2272,3
2273,4
2274,9
2275,4
2276,7
2277,5
2278,9
2279,9
2280,3
2281,2
2282,9
2283,7
2284,3
2285,8
2286,6
2287,5
2288,5
2289,6
2290,1
2291,9
2292,2
2293,0
2294,9
2295,5
2296,5
2297,3
2298,2
2299,1
2300,8
2301,6
2302,3
2303,7
2304,7
2305,5
2306,5
2307,6
2308,1
2309,9
2310,8
2311,2
2312,5
2313,3
2314,6
2315,4
2316,7
2317,8
2318,0
2319,9
2320,9
2321,8
2322,6
2323,1
2324,9
2325,0
2326,5
2327,8
2328,6
2329,9
2330,2
2331,6
2332,4
2333,2
2334,7
2335,7
2336,0
2337,9
2338,6
2339,4
2340,9
2341,8
2342,7
2343,6
2344,3
2345,9
2346,9
2347,4
2348,6
2349,7
2350,2
2351,0
2352,3
2353,4
2354,4
2355,7
2356,9
2357,3
2358,3
2359,4
2360,6
2361,3
2362,2
2363,9
2364,5
2365,7
2366,2
2367,3
2368,3
2369,1
2370,9
2371,7
2372,9
2373,9
2374,5
2375,6
2376,6
2377,1
2378,4
2379,9
2380,3
2381,5
2382,0
2383,3
2384,3
2385,7
2386,8
2387,7
2388,7
2389,2
2390,5
2391,5
2392,3
2393,7
2394,4
2395,4
2396,1
2397,0
2398,8
2399,4
2400,7
2401,2
2402,5
2403,1
2404,8
2405,1
2406,1
2407,7
2408,8
2409,9
2410,9
2411,2
2412,8
2413,1
2414,6
2415,2
2416,7
2417,2
2418,3
2419,9
2420,0
2421,6
2422,4
2423,2
2424,7
2425,5
2426,7
2427,0
2428,9
2429,5
2430,4
2431,9
2432,3
2433,2
2434,9
2435,0
2436,7
2437,7
2438,6
2439,2
2440,0
2441,6
2442,6
2443,4
2444,4
2445,0
2446,5
2447,2
2448,6
2449,6
2450,3
2451,0
2452,1
2453,7
2454,3
2455,4
2456,8
2457,4
2458,3
2459,2
2460,4
2461,1
2462,2
2463,9
2464,0
2465,2
2466,9
2467,5
2468,4
2469,1
2470,7
2471,5
2472,9
2473,1
2474,4
2475,0
2476,4
2477,1
2478,2
2479,3
2480,9
2481,3
2482,4
2483,0
2484,0
2485,0
2486,8
2487,7
2488,3
2489,9
2490,6
2491,2
2492,4
2493,1
2494,1
2495,5
2496,0
2497,8
2498,4
2499,8
2500,6
2501,2
2502,9
2503,8
2504,6
2505,3
2506,8
2507,7
2508,4
2509,3
2510,7
2511,0
2512,8
2513,0
2514,4
2515,8
2516,9
2517,7
2518,5
2519,9
2520,8
2521,1
2522,5
2523,0
2524,2
2525,2
2526,6
2527,7
2528,1
2529,9
2530,2
2531,7
2532,4
2533,5
2534,5
2535,3
2536,6
2537,1
2538,2
2539,0
2540,1
2541,0
2542,2
2543,3
2544,5
2545,0
2546,1
2547,7
2548,9
2549,9
2550,2
2551,9
2552,4
2553,8
2554,1
2555,3
2556,4
2557,1
2558,2
2559,0
2560,2
2561,5
2562,9
2563,8
2564,4
2565,9
2566,3
2567,4
2568,7
2569,1
2570,5
2571,7
2572,4
2573,7
2574,3
2575,4
2576,2
2577,0
2578,8
2579,1
2580,6
2581,4
2582,2
2583,8
2584,6
2585,4
2586,3
2587,0
2588,0
2589,0
2590,6
2591,6
2592,7
2593,8
2594,7
2595,5
2596,2
2597,3
2598,3
2599,9
2600,1
2601,6
2602,6
2603,8
2604,3
2605,5
2606,8
2607,4
2608,5
2609,7
2610,9
2611,0
2612,6
2613,0
2614,0
2615,2
2616,8
2617,9
2618,9
2619,0
2620,8
2621,0
2622,6
2623,6
2624,1
2625,9
2626,1
2627,7
2628,8
2629,8
2630,2
2631,3
2632,0
2633,2
2634,0
2635,2
2636,4
2637,6
2638,8
2639,1
2640,3
2641,8
2642,1
2643,8
2644,9
2645,8
2646,0
2647,0
2648,5
2649,5
2650,6
2651,3
2652,6
2653,2
2654,9
2655,6
2656,7
2657,4
2658,2
2659,2
2660,5
2661,5
2662,1
2663,3
2664,3
2665,1
2666,3
2667,5
2668,9
2669,5
2670,4
2671,8
2672,2
2673,7
2674,7
2675,0
2676,3
2677,1
2678,9
2679,7
2680,8
2681,6
2682,4
2683,9
2684,3
2685,7
2686,6
2687,1
2688,0
2689,8
2690,2
2691,5
2692,1
2693,7
2694,2
2695,9
2696,3
2697,6
2698,2
2699,2
2700,5
2701,9
2702,1
2703,6
2704,3
2705,5
2706,4
2707,0
2708,3
2709,1
2710,2
2711,7
2712,7
2713,3
2714,9
2715,4
2716,2
2717,0
2718,5
2719,8
2720,2
2721,0
2722,1
2723,3
2724,3
2725,3
2726,3
2727,3
2728,1
2729,4
2730,9
2731,0
2732,1
2733,2
2734,0
2735,7
2736,4
2737,7
2738,8
2739,2
2740,4
2741,3
2742,7
2743,9
2744,6
2745,5
2746,1
2747,0
2748,1
2749,3
2750,6
2751,5
2752,1
2753,7
2754,2
2755,8
2756,1
2757,8
2758,2
2759,7
2760,1
2761,7
2762,9
2763,8
2764,5
2765,2
2766,1
2767,2
2768,8
2769,3
2770,0
2771,7
2772,9
2773,2
2774,4
2775,8
2776,3
2777,5
2778,4
2779,9
2780,7
2781,3
2782,1
2783,5
2784,8
2785,1
2786,3
2787,4
2788,5
2789,3
2790,8
2791,2
2792,4
2793,4
2794,3
2795,9
2796,2
2797,6
2798,5
2799,7
2800,2
2801,7
2802,3
2803,5
2804,6
2805,2
2806,9
2807,1
2808,7
2809,3
2810,1
2811,7
2812,2
2813,5
2814,6
2815,2
2816,9
2817,1
2818,9
2819,1
2820,7
2821,3
2822,7
2823,8
2824,3
2825,7
2826,3
2827,3
2828,4
2829,3
2830,6
2831,0
2832,3
2833,1
2834,7
2835,3
2836,3
2837,1
2838,7
2839,3
2840,3
2841,7
2842,4
2843,4
2844,2
2845,6
2846,2
2847,7
2848,0
2849,9
2850,7
2851,3
2852,8
2853,1
2854,3
2855,6
2856,5
2857,2
2858,2
2859,7
2860,7
2861,9
2862,0
2863,7
2864,7
2865,9
2866,7
2867,6
2868,4
2869,1
2870,8
2871,3
2872,9
2873,8
2874,9
2875,5
2876,1
2877,4
2878,1
2879,6
2880,1
2881,7
2882,5
2883,5
2884,1
2885,3
2886,2
2887,5
2888,3
2889,9
2890,9
2891,2
2892,8
2893,3
2894,9
2895,6
2896,4
2897,6
2898,2
2899,3
2900,6
2901,6
2902,8
2903,7
2904,3
2905,0
2906,7
2907,4
2908,7
2909,6
2910,5
2911,1
2912,0
2913,0
2914,3
2915,8
2916,4
2917,0
2918,3
2919,7
2920,9
2921,3
2922,1
2923,1
2924,5
2925,8
2926,7
2927,0
2928,1
2929,9
2930,5
2931,4
2932,9
2933,1
2934,4
2935,6
2936,3
2937,6
2938,1
2939,2
2940,8
2941,6
2942,5
2943,0
2944,4
2945,5
2946,9
2947,7
2948,5
2949,8
2950,0
2951,1
2952,5
2953,3
2954,4
2955,1
2956,8
2957,2
2958,2
2959,5
2960,3
2961,3
2962,8
2963,0
2964,8
2965,7
2966,7
2967,8
2968,8
2969,4
2970,3
2971,6
2972,7
2973,6
2974,1
2975,3
2976,1
2977,8
2978,1
2979,6
2980,3
2981,1
2982,9
2983,3
2984,2
2985,6
2986,2
2987,8
2988,1
2989,9
2990,4
2991,7
2992,6
2993,6
2994,6
2995,9
2996,0
2997,8
2998,9
2999,3
3000,9
3001,1
3002,3
3003,0
3004,1
3005,9
3006,8
3007,9
3008,9
3009,9
3010,9
3011,6
3012,9
3013,8
3014,2
3015,5
3016,3
3017,9
3018,4
3019,3
3020,2
3021,4
3022,2
3023,7
3024,3
3025,1
3026,3
3027,4
3028,8
3029,2
3030,5
3031,2
3032,3
3033,9
3034,2
3035,4
3036,7
3037,5
3038,2
3039,9
3040,9
3041,1
3042,7
3043,8
3044,3
3045,7
3046,6
3047,8
3048,6
3049,8
3050,2
3051,3
3052,0
3053,5
3054,0
3055,2
3056,9
3057,2
3058,7
3059,3
3060,9
3061,8
3062,1
3063,0
3064,0
3065,6
3066,2
3067,5
3068,9
3069,0
3070,7
3071,0
3072,1
3073,9
3074,6
3075,5
3076,6
3077,3
3078,7
3079,8
3080,8
3081,3
3082,4
3083,1
3084,4
3085,4
3086,4
3087,0
3088,2
3089,2
3090,1
3091,1
3092,1
3093,1
3094,8
3095,4
3096,6
3097,0
3098,4
3099,7
3100,0
3101,2
3102,4
3103,0
3104,4
3105,1
3106,1
3107,9
3108,2
3109,3
3110,9
3111,7
3112,5
3113,4
3114,6
3115,0
3116,6
3117,0
3118,0
3119,1
3120,3
3121,0
3122,2
3123,0
3124,4
3125,3
3126,8
3127,1
3128,8
3129,7
3130,3
3131,5
3132,2
3133,4
3134,9
3135,4
3136,6
3137,3
3138,5
3139,5
3140,2
3141,2
3142,8
3143,1
3144,8
3145,1
3146,5
3147,8
3148,8
3149,4
3150,1
3151,4
3152,1
3153,6
3154,0
3155,8
3156,4
3157,4
3158,1
3159,5
3160,3
3161,5
3162,0
3163,6
3164,9
3165,9
3166,7
3167,1
3168,0
3169,0
3170,9
3171,9
3172,0
3173,1
3174,6
3175,4
3176,6
3177,0
3178,2
3179,6
3180,8
3181,7
3182,8
3183,8
3184,2
3185,9
3186,0
3187,7
3188,8
3189,8
3190,5
3191,8
3192,4
3193,7
3194,2
3195,2
3196,0
3197,4
3198,3
3199,1
3200,8
3201,1
3202,6
3203,1
3204,3
3205,8
3206,2
3207,0
3208,1
3209,9
3210,2
3211,7
3212,4
3213,9
3214,9
3215,9
3216,3
3217,9
3218,2
3219,2
3220,1
3221,3
3222,8
3223,6
3224,7
3225,9
3226,7
3227,9
3228,1
3229,2
3230,2
3231,3
3232,6
3233,8
3234,6
3235,6
3236,1
3237,2
3238,8
3239,7
3240,8
3241,9
3242,1
3243,2
3244,1
3245,7
3246,6
3247,7
3248,9
3249,2
3250,6
3251,8
3252,3
3253,1
3254,5
3255,6
3256,0
3257,6
3258,9
3259,3
3260,2
3261,1
3262,9
3263,5
3264,9
3265,8
3266,1
3267,8
3268,6
3269,1
3270,7
3271,4
3272,7
3273,8
3274,7
3275,7
3276,1
3277,3
3278,9
3279,5
3280,1
3281,3
3282,1
3283,7
3284,5
3285,0
3286,3
3287,6
3288,6
3289,6
3290,4
3291,6
3292,8
3293,3
3294,5
3295,6
3296,0
3297,4
3298,2
3299,7
3300,7
3301,6
3302,3
3303,8
3304,4
3305,1
3306,5
3307,9
3308,9
3309,1
3310,2
3311,6
3312,8
3313,1
3314,7
3315,4
3316,2
3317,3
3318,6
3319,4
3320,9
3321,4
3322,9
3323,1
3324,0
3325,1
3326,4
3327,2
3328,2
3329,1
3330,8
3331,0
3332,5
3333,9
3334,3
3335,2
3336,4
3337,7
3338,7
3339,9
3340,6
3341,9
3342,6
3343,7
3344,9
3345,4
3346,2
3347,6
3348,3
3349,3
3350,3
3351,2
3352,2
3353,1
3354,6
3355,4
3356,5
3357,3
3358,9
3359,2
3360,5
3361,4
3362,3
3363,1
3364,1
3365,1
3366,4
3367,3
3368,1
3369,5
3370,5
3371,0
3372,9
3373,0
3374,1
3375,8
3376,4
3377,3
3378,3
3379,3
3380,4
3381,2
3382,4
3383,3
3384,2
3385,2
3386,6
3387,4
3388,5
3389,4
3390,1
3391,6
3392,9
3393,9
3394,4
3395,3
3396,3
3397,4
3398,4
3399,9
3400,1
3401,9
3402,9
3403,6
3404,9
3405,8
3406,5
3407,9
3408,8
3409,0
3410,3
3411,5
3412,2
3413,7
3414,9
3415,7
3416,4
3417,0
3418,7
3419,1
3420,2
3421,4
3422,3
3423,3
3424,6
3425,6
3426,1
3427,6
3428,8
3429,7
3430,5
3431,5
3432,1
3433,6
3434,0
3435,7
3436,1
3437,5
3438,2
3439,7
3440,2
3441,5
3442,6
3443,9
3444,9
3445,6
3446,4
3447,3
3448,3
3449,2
3450,0
3451,4
3452,0
3453,4
3454,5
3455,1
3456,8
3457,3
3458,6
3459,5
3460,3
3461,7
3462,9
3463,4
3464,7
3465,6
3466,8
3467,7
3468,3
3469,7
3470,3
3471,0
3472,0
3473,9
3474,1
3475,4
3476,2
3477,2
3478,4
3479,8
3480,2
3481,7
3482,9
3483,6
3484,2
3485,1
3486,6
3487,0
3488,8
3489,5
3490,0
3491,0
3492,4
3493,5
3494,2
3495,8
3496,1
3497,2
3498,8
3499,0
3500,7
3501,1
3502,1
3503,1
3504,3
3505,4
3506,8
3507,4
3508,1
3509,7
3510,6
3511,0
3512,6
3513,0
3514,1
3515,7
3516,9
3517,1
3518,5
3519,8
3520,2
3521,1
3522,7
3523,8
3524,9
3525,0
3526,5
3527,1
3528,4
3529,0
3530,0
3531,2
3532,5
3533,3
3534,0
3535,0
3536,9
3537,0
3538,5
3539,8
3540,7
3541,3
3542,4
3543,5
3544,4
3545,1
3546,4
3547,0
3548,4
3549,5
3550,0
3551,5
3552,8
3553,3
3554,8
3555,7
3556,2
3557,8
3558,0
3559,5
3560,1
3561,8
3562,0
3563,0
3564,0
3565,6
3566,3
3567,6
3568,0
3569,7
3570,9
3571,8
3572,2
3573,1
3574,2
3575,4
3576,0
3577,8
3578,4
3579,7
3580,9
3581,6
3582,7
3583,7
3584,9
3585,0
3586,8
3587,0
3588,3
3589,7
3590,8
3591,0
3592,0
3593,8
3594,6
3595,0
3596,0
3597,1
3598,8
3599,5
3600,8
3601,6
3602,0
3603,2
3604,9
3605,5
3606,7
3607,9
3608,0
3609,2
3610,8
3611,3
3612,5
3613,0
3614,4
3615,1
3616,0
3617,6
3618,8
3619,4
3620,0
3621,1
3622,2
3623,5
3624,9
3625,5
3626,2
3627,9
3628,5
3629,8
3630,1
3631,9
3632,6
3633,6
3634,5
3635,0
3636,9
3637,8
3638,8
3639,7
3640,2
3641,0
3642,0
3643,7
3644,4
3645,9
3646,5
3647,5
3648,1
3649,4
3650,3
3651,9
3652,7
3653,8
3654,7
3655,4
3656,8
3657,6
3658,5
3659,2
3660,7
3661,5
3662,4
3663,1
3664,2
3665,7
3666,1
3667,3
3668,8
3669,1
3670,0
3671,9
3672,9
3673,9
3674,2
3675,2
3676,0
3677,6
3678,7
3679,1
3680,2
3681,4
3682,4
3683,3
3684,6
3685,5
3686,5
3687,7
3688,0
3689,0
3690,6
3691,4
3692,9
3693,0
3694,4
3695,7
3696,1
3697,7
3698,2
3699,0
3700,6
3701,0
3702,1
3703,1
3704,9
3705,2
3706,9
3707,7
3708,3
3709,1
3710,5
3711,2
3712,1
3713,8
3714,4
3715,8
3716,7
3717,2
3718,9
3719,2
3720,1
3721,1
3722,9
3723,2
3724,1
3725,4
3726,1
3727,9
3728,4
3729,0
3730,4
3731,0
3732,5
3733,7
3734,8
3735,7
3736,2
3737,7
3738,3
3739,0
3740,7
3741,6
3742,1
3743,3
3744,3
3745,9
3746,2
3747,7
3748,3
3749,8
3750,3
3751,7
3752,8
3753,1
3754,8
3755,9
3756,5
3757,2
3758,9
3759,6
3760,8
3761,7
3762,5
3763,1
3764,9
3765,1
3766,8
3767,9
3768,2
3769,4
3770,9
3771,7
3772,2
3773,6
3774,3
3775,0
3776,8
3777,7
3778,2
3779,6
3780,3
3781,8
3782,8
3783,2
3784,3
3785,9
3786,2
3787,5
3788,7
3789,5
3790,9
3791,1
3792,9
3793,0
3794,0
3795,0
3796,2
3797,1
3798,4
3799,5
3800,6
3801,1
3802,8
3803,4
3804,6
3805,0
3806,5
3807,1
3808,0
3809,3
3810,1
3811,8
3812,2
3813,6
3814,9
3815,1
3816,1
3817,5
3818,3
3819,7
3820,0
3821,6
3822,6
3823,7
3824,9
3825,3
3826,9
3827,3
3828,3
3829,2
3830,8
3831,8
3832,7
3833,5
3834,3
3835,3
3836,4
3837,2
3838,6
3839,3
3840,9
3841,8
3842,8
3843,3
3844,4
3845,2
3846,7
3847,6
3848,3
3849,6
3850,1
3851,5
3852,3
3853,4
3854,1
3855,6
3856,7
3857,3
3858,2
3859,4
3860,9
3861,2
3862,2
3863,1
3864,9
3865,1
3866,8
3867,6
3868,9
3869,0
3870,0
3871,0
3872,4
3873,1
3874,1
3875,1
3876,5
3877,3
3878,3
3879,4
3880,5
3881,2
3882,2
3883,0
3884,3
3885,8
3886,7
3887,5
3888,3
3889,3
3890,3
3891,4
3892,1
3893,9
3894,3
3895,7
3896,0
3897,8
3898,9
3899,2
3900,5
3901,9
3902,7
3903,2
3904,9
3905,1
3906,7
3907,2
3908,1
3909,5
3910,4
3911,7
3912,0
3913,7
3914,2
3915,2
3916,8
3917,1
3918,3
3919,7
3920,3
3921,7
3922,6
3923,1
3924,9
3925,2
3926,8
3927,5
3928,6
3929,0
3930,8
3931,3
3932,7
3933,1
3934,6
3935,9
3936,8
3937,8
3938,2
3939,7
3940,0
3941,5
3942,4
3943,3
3944,3
3945,8
3946,4
3947,8
3948,9
3949,4
3950,5
3951,5
3952,9
3953,1
3954,3
3955,4
3956,1
3957,1
3958,1
3959,1
3960,0
3961,6
3962,8
3963,7
3964,8
3965,8
3966,9
3967,6
3968,4
3969,8
3970,0
3971,7
3972,8
3973,6
3974,3
3975,5
3976,5
3977,1
3978,0
3979,2
3980,4
3981,6
3982,1
3983,9
3984,9
3985,3
3986,1
3987,8
3988,9
3989,3
3990,0
3991,7
3992,3
3993,9
3994,4
3995,7
3996,1
3997,6
3998,8
3999,0
4000,9
4001,0
4002,9
4003,1
4004,9
4005,4
4006,9
4007,2
4008,9
4009,2
4010,3
4011,2
4012,1
4013,3
4014,7
4015,2
4016,1
4017,5
4018,7
4019,4
4020,7
4021,7
4022,3
4023,3
4024,6
4025,7
4026,9
4027,0
4028,7
4029,7
4030,7
4031,7
4032,0
4033,3
4034,3
4035,9
4036,5
4037,5
4038,2
4039,1
4040,3
4041,2
4042,8
4043,4
4044,4
4045,9
4046,0
4047,4
4048,7
4049,1
4050,9
4051,0
4052,8
4053,2
4054,0
4055,3
4056,4
4057,2
4058,8
4059,8
4060,6
4061,2
4062,9
4063,5
4064,5
4065,3
4066,4
4067,9
4068,0
4069,5
4070,8
4071,9
4072,5
4073,3
4074,8
4075,8
4076,7
4077,7
4078,6
4079,9
4080,0
4081,2
4082,1
4083,3
4084,4
4085,8
4086,4
4087,8
4088,5
4089,9
4090,7
4091,7
4092,5
4093,7
4094,0
4095,1
4096,7
4097,1
4098,5
4099,1
4100,0
4101,6
4102,9
4103,1
4104,0
4105,3
4106,4
4107,3
4108,6
4109,4
4110,7
4111,1
4112,3
4113,4
4114,9
4115,8
4116,9
4117,0
4118,1
4119,8
4120,1
4121,3
4122,3
4123,5
4124,0
4125,3
4126,3
4127,8
4128,5
4129,5
4130,3
4131,5
4132,7
4133,1
4134,8
4135,0
4136,0
4137,4
4138,2
4139,2
4140,2
4141,0
4142,9
4143,5
4144,5
4145,6
4146,9
4147,3
4148,7
4149,0
4150,3
4151,7
4152,9
4153,4
4154,7
4155,6
4156,2
4157,8
4158,3
4159,0
4160,9
4161,6
4162,8
4163,3
4164,6
4165,7
4166,0
4167,8
4168,9
4169,3
4170,3
4171,8
4172,1
4173,2
4174,1
4175,3
4176,2
4177,2
4178,4
4179,5
4180,1
4181,8
4182,1
4183,4
4184,7
4185,5
4186,0
4187,7
4188,7
4189,7
4190,8
4191,0
4192,7
4193,3
4194,5
4195,0
4196,8
4197,4
4198,5
4199,1
4200,8
4201,1
4202,5
4203,9
4204,8
4205,5
4206,1
4207,1
4208,3
4209,1
4210,7
4211,2
4212,6
4213,2
4214,5
4215,3
4216,1
4217,5
4218,5
4219,3
4220,3
4221,4
4222,3
4223,6
4224,8
4225,5
4226,0
4227,7
4228,4
4229,2
4230,9
4231,5
4232,9
4233,8
4234,9
4235,8
4236,0
4237,6
4238,9
4239,4
4240,6
4241,3
4242,5
4243,7
4244,6
4245,6
4246,2
4247,0
4248,4
4249,8
4250,0
4251,5
4252,7
4253,1
4254,2
4255,0
4256,2
4257,0
4258,4
4259,5
4260,0
4261,0
4262,4
4263,4
4264,7
4265,3
4266,2
4267,7
4268,5
4269,9
4270,5
4271,2
4272,1
4273,5
4274,5
4275,6
4276,6
4277,9
4278,5
4279,9
4280,9
4281,6
4282,6
4283,0
4284,2
4285,8
4286,7
4287,9
4288,5
4289,2
4290,7
4291,0
4292,9
4293,9
4294,7
4295,6
4296,6
4297,9
4298,1
4299,8
4300,2
4301,0
4302,9
4303,5
4304,4
4305,3
4306,2
4307,4
4308,0
4309,3
4310,2
4311,9
4312,8
4313,9
4314,3
4315,0
4316,7
4317,8
4318,4
4319,3
4320,1
4321,7
4322,1
4323,2
4324,1
4325,3
4326,2
4327,6
4328,1
4329,3
4330,7
4331,1
4332,6
4333,7
4334,6
4335,7
4336,9
4337,7
4338,7
4339,9
4340,0
4341,6
4342,2
4343,1
4344,1
4345,9
4346,4
4347,2
4348,5
4349,1
4350,7
4351,6
4352,0
4353,9
4354,3
4355,9
4356,0
4357,2
4358,7
4359,4
4360,7
4361,4
4362,5
4363,0
4364,1
4365,7
4366,4
4367,2
4368,2
4369,7
4370,1
4371,0
4372,5
4373,6
4374,8
4375,2
4376,8
4377,0
4378,4
4379,6
4380,8
4381,5
4382,0
4383,2
4384,8
4385,4
4386,2
4387,4
4388,6
4389,4
4390,0
4391,4
4392,3
4393,6
4394,5
4395,7
4396,7
4397,4
4398,8
4399,9
4400,1
4401,4
4402,8
4403,4
4404,0
4405,3
4406,2
4407,0
4408,2
4409,1
4410,6
4411,6
4412,2
4413,4
4414,9
4415,3
4416,1
4417,8
4418,5
4419,7
4420,5
4421,1
4422,8
4423,7
4424,6
4425,4
4426,9
4427,7
4428,9
4429,9
4430,4
4431,7
4432,3
4433,2
4434,8
4435,8
4436,3
4437,7
4438,5
4439,6
4440,8
4441,5
4442,0
4443,5
4444,4
4445,1
4446,2
4447,2
4448,8
4449,7
4450,6
4451,9
4452,2
4453,0
4454,5
4455,8
4456,7
4457,1
4458,8
4459,6
4460,3
4461,3
4462,2
4463,7
4464,0
4465,9
4466,3
4467,6
4468,7
4469,7
4470,7
4471,9
4472,1
4473,8
4474,2
4475,7
4476,9
4477,3
4478,4
4479,3
4480,6
4481,5
4482,8
4483,6
4484,5
4485,7
4486,5
4487,0
4488,7
4489,4
4490,3
4491,6
4492,2
4493,9
4494,2
4495,4
4496,0
4497,5
4498,3
4499,6
4500,2
4501,1
4502,6
4503,7
4504,0
4505,7
4506,3
4507,4
4508,5
4509,5
4510,0
4511,8
4512,3
4513,9
4514,4
4515,4
4516,2
4517,6
4518,7
4519,8
4520,1
4521,6
4522,5
4523,2
4524,2
4525,1
4526,7
4527,1
4528,5
4529,3
4530,4
4531,3
4532,0
4533,1
4534,5
4535,0
4536,0
4537,3
4538,6
4539,9
4540,8
4541,1
4542,1
4543,2
4544,6
4545,4
4546,6
4547,1
4548,5
4549,7
4550,4
4551,4
4552,4
4553,1
4554,6
4555,8
4556,9
4557,3
4558,1
4559,3
4560,0
4561,6
4562,2
4563,0
4564,4
4565,8
4566,3
4567,1
4568,4
4569,3
4570,9
4571,9
4572,2
4573,1
4574,2
4575,8
4576,8
4577,5
4578,1
4579,3
4580,9
4581,0
4582,6
4583,0
4584,5
4585,3
4586,9
4587,4
4588,1
4589,1
4590,2
4591,0
4592,2
4593,9
4594,8
4595,9
4596,6
4597,1
4598,1
4599,1
4600,8
4601,7
4602,2
4603,3
4604,0
4605,6
4606,0
4607,2
4608,2
4609,8
4610,5
4611,0
4612,3
4613,1
4614,1
4615,7
4616,1
4617,0
4618,2
4619,2
4620,9
4621,1
4622,1
4623,0
4624,4
4625,7
4626,2
4627,4
4628,1
4629,1
4630,4
4631,2
4632,5
4633,8
4634,3
4635,0
4636,8
4637,1
4638,8
4639,6
4640,3
4641,6
4642,2
4643,4
4644,8
4645,1
4646,1
4647,9
4648,5
4649,3
4650,1
4651,1
4652,8
4653,7
4654,6
4655,0
4656,7
4657,6
4658,9
4659,8
4660,1
4661,1
4662,8
4663,0
4664,6
4665,4
4666,8
4667,8
4668,4
4669,4
4670,1
4671,7
4672,1
4673,2
4674,2
4675,9
4676,1
4677,5
4678,2
4679,2
4680,8
4681,1
4682,4
4683,6
4684,5
4685,1
4686,0
4687,1
4688,4
4689,2
4690,6
4691,0
4692,2
4693,3
4694,6
4695,5
4696,4
4697,7
4698,7
4699,2
4700,0
4701,6
4702,1
4703,6
4704,9
4705,2
4706,0
4707,7
4708,7
4709,7
4710,6
4711,8
4712,2
4713,6
4714,0
4715,6
4716,4
4717,7
4718,5
4719,7
4720,7
4721,9
4722,8
4723,0
4724,3
4725,8
4726,1
4727,2
4728,1
4729,5
4730,5
4731,7
4732,5
4733,2
4734,2
4735,7
4736,7
4737,7
4738,9
4739,9
4740,4
4741,5
4742,0
4743,1
4744,4
4745,1
4746,5
4747,5
4748,3
4749,4
4750,3
4751,1
4752,8
4753,0
4754,5
4755,7
4756,0
4757,5
4758,6
4759,2
4760,9
4761,8
4762,8
4763,4
4764,4
4765,8
4766,1
4767,0
4768,7
4769,4
4770,4
4771,4
4772,6
4773,6
4774,5
4775,7
4776,8
4777,7
4778,5
4779,3
4780,6
4781,0
4782,2
4783,0
4784,3
4785,8
4786,2
4787,3
4788,3
4789,3
4790,7
4791,9
4792,4
4793,5
4794,0
4795,0
4796,2
4797,8
4798,2
4799,2
4800,1
4801,0
4802,1
4803,2
4804,8
4805,8
4806,0
4807,4
4808,2
4809,8
4810,5
4811,8
4812,1
4813,3
4814,1
4815,0
4816,6
4817,5
4818,5
4819,0
4820,8
4821,5
4822,3
4823,2
4824,5
4825,6
4826,2
4827,7
4828,5
4829,0
4830,5
4831,1
4832,9
4833,7
4834,8
4835,6
4836,3
4837,1
4838,4
4839,9
4840,6
4841,0
4842,3
4843,9
4844,9
4845,5
4846,7
4847,5
4848,5
4849,3
4850,4
4851,1
4852,0
4853,9
4854,0
4855,5
4856,8
4857,6
4858,7
4859,2
4860,8
4861,6
4862,1
4863,7
4864,8
4865,8
4866,0
4867,2
4868,2
4869,2
4870,8
4871,3
4872,9
4873,7
4874,5
4875,0
4876,3
4877,7
4878,0
4879,1
4880,9
4881,2
4882,5
4883,6
4884,1
4885,8
4886,8
4887,9
4888,9
4889,5
4890,0
4891,0
4892,1
4893,9
4894,7
4895,5
4896,9
4897,4
4898,6
4899,8
4900,7
4901,1
4902,7
4903,5
4904,3
4905,7
4906,4
4907,4
4908,1
4909,2
4910,4
4911,6
4912,3
4913,2
4914,6
4915,0
4916,9
4917,8
4918,0
4919,5
4920,9
4921,0
4922,5
4923,4
4924,2
4925,1
4926,5
4927,8
4928,9
4929,3
4930,4
4931,4
4932,5
4933,4
4934,0
4935,5
4936,7
4937,0
4938,8
4939,4
4940,8
4941,2
4942,2
4943,6
4944,4
4945,4
4946,6
4947,2
4948,1
4949,5
4950,7
4951,7
4952,6
4953,0
4954,3
4955,4
4956,2
4957,8
4958,1
4959,3
4960,9
4961,6
4962,4
4963,3
4964,9
4965,3
4966,6
4967,5
4968,9
4969,9
4970,9
4971,5
4972,5
4973,4
4974,6
4975,9
4976,2
4977,3
4978,6
4979,1
4980,5
4981,0
4982,7
4983,3
4984,0
4985,4
4986,8
4987,2
4988,8
4989,8
4990,7
4991,7
4992,8
4993,9
4994,0
4995,2
4996,4
4997,4
4998,7
4999,6
5000,1
5001,3
5002,5
5003,6
5004,0
5005,1
5006,2
5007,9
5008,1
5009,5
5010,1
5011,7
5012,9
5013,4
5014,1
5015,3
5016,6
5017,4
5018,7
5019,9
5020,7
5021,5
5022,0
5023,6
5024,8
5025,1
5026,9
5027,7
5028,0
5029,5
5030,0
5031,6
5032,3
5033,5
5034,3
5035,8
5036,0
5037,0
5038,3
5039,6
5040,1
5041,0
5042,4
5043,1
5044,3
5045,6
5046,8
5047,5
5048,7
5049,9
5050,6
5051,8
5052,5
5053,9
5054,1
5055,0
5056,3
5057,8
5058,4
5059,4
5060,1
5061,0
5062,3
5063,6
5064,6
5065,3
5066,1
5067,3
5068,9
5069,7
5070,0
5071,7
5072,6
5073,9
5074,6
5075,4
5076,6
5077,4
5078,1
5079,0
5080,1
5081,6
5082,9
5083,3
5084,9
5085,6
5086,7
5087,1
5088,0
5089,5
5090,8
5091,9
5092,4
5093,4
5094,7
5095,7
5096,0
5097,6
5098,2
5099,3
5100,8
5101,7
5102,4
5103,3
5104,1
5105,7
5106,0
5107,4
5108,3
5109,4
5110,6
5111,1
5112,9
5113,6
5114,9
5115,0
5116,4
5117,1
5118,7
5119,9
5120,6
5121,9
5122,4
5123,7
5124,8
5125,1
5126,6
5127,6
5128,2
5129,1
5130,9
5131,2
5132,1
5133,4
5134,5
5135,0
5136,8
5137,3
5138,4
5139,5
5140,6
5141,9
5142,1
5143,4
5144,8
5145,1
5146,9
5147,0
5148,8
5149,1
5150,0
5151,5
5152,7
5153,7
5154,8
5155,2
5156,2
5157,9
5158,1
5159,1
5160,9
5161,7
5162,2
5163,3
5164,5
5165,9
5166,9
5167,5
5168,8
5169,4
5170,9
5171,9
5172,9
5173,2
5174,7
5175,0
5176,0
5177,3
5178,3
5179,8
5180,1
5181,0
5182,4
5183,7
5184,5
5185,4
5186,2
5187,6
5188,9
5189,7
5190,5
5191,1
5192,8
5193,0
5194,7
5195,4
5196,9
5197,3
5198,7
5199,9
5200,3
5201,4
5202,9
5203,5
5204,2
5205,5
5206,2
5207,0
5208,5
5209,2
5210,2
5211,8
5212,7
5213,2
5214,6
5215,2
5216,4
5217,7
5218,3
5219,3
5220,4
5221,5
5222,4
5223,6
5224,8
5225,1
5226,5
5227,4
5228,2
5229,9
5230,1
5231,3
5232,2
5233,6
5234,6
5235,2
5236,6
5237,2
5238,6
5239,5
5240,2
5241,7
5242,4
5243,0
5244,8
5245,3
5246,0
5247,3
5248,4
5249,8
5250,0
5251,0
5252,1
5253,8
5254,2
5255,0
5256,7
5257,9
5258,1
5259,7
5260,7
5261,4
5262,2
5263,9
5264,3
5265,9
5266,7
5267,6
5268,9
5269,7
5270,5
5271,1
5272,5
5273,4
5274,4
5275,8
5276,3
5277,3
5278,7
5279,0
5280,6
5281,7
5282,8
5283,6
5284,9
5285,8
5286,1
5287,8
5288,9
5289,2
5290,5
5291,2
5292,9
5293,6
5294,5
5295,2
5296,7
5297,9
5298,9
5299,5
5300,4
5301,7
5302,4
5303,2
5304,2
5305,2
5306,7
5307,3
5308,2
5309,7
5310,5
5311,2
5312,6
5313,4
5314,5
5315,1
5316,4
5317,9
5318,6
5319,2
5320,4
5321,2
5322,6
5323,9
5324,7
5325,0
5326,3
5327,8
5328,1
5329,8
5330,4
5331,3
5332,8
5333,4
5334,6
5335,1
5336,0
5337,8
5338,9
5339,6
5340,6
5341,4
5342,2
5343,6
5344,2
5345,2
5346,4
5347,9
5348,4
5349,9
5350,0
5351,0
5352,2
5353,6
5354,2
5355,8
5356,4
5357,2
5358,8
5359,1
5360,9
5361,7
5362,8
5363,5
5364,1
5365,8
5366,9
5367,0
5368,5
5369,5
5370,4
5371,4
5372,1
5373,8
5374,1
5375,8
5376,5
5377,2
5378,3
5379,4
5380,5
5381,7
5382,5
5383,0
5384,1
5385,8
5386,8
5387,8
5388,1
5389,8
5390,6
5391,3
5392,6
5393,7
5394,8
5395,9
5396,8
5397,6
5398,3
5399,5
5400,6
5401,8
5402,0
5403,4
5404,9
5405,4
5406,6
5407,4
5408,7
5409,4
5410,3
5411,1
5412,6
5413,2
5414,6
5415,5
5416,7
5417,6
5418,0
5419,9
5420,6
5421,6
5422,3
5423,3
5424,0
5425,2
5426,0
5427,9
5428,2
5429,6
5430,3
5431,5
5432,6
5433,1
5434,8
5435,4
5436,6
5437,5
5438,9
5439,8
5440,4
5441,2
5442,6
5443,9
5444,7
5445,1
5446,6
5447,5
5448,9
5449,3
5450,2
5451,6
5452,4
5453,8
5454,3
5455,8
5456,1
5457,4
5458,9
5459,2
5460,2
5461,4
5462,6
5463,8
5464,5
5465,0
5466,2
5467,3
5468,9
5469,2
5470,3
5471,4
5472,6
5473,5
5474,0
5475,1
5476,8
5477,9
5478,7
5479,9
5480,7
5481,2
5482,9
5483,3
5484,8
5485,7
5486,1
5487,9
5488,9
5489,9
5490,3
5491,5
5492,4
5493,5
5494,5
5495,4
5496,7
5497,8
5498,4
5499,8
5500,4
5501,6
5502,0
5503,3
5504,1
5505,1
5506,3
5507,7
5508,0
5509,3
5510,0
5511,1
5512,9
5513,3
5514,8
5515,1
5516,6
5517,0
5518,2
5519,6
5520,4
5521,0
5522,4
5523,4
5524,0
5525,3
5526,4
5527,7
5528,7
5529,1
5530,5
5531,1
5532,0
5533,4
5534,1
5535,6
5536,5
5537,3
5538,3
5539,2
5540,0
5541,4
5542,3
5543,6
5544,0
5545,9
5546,5
5547,9
5548,4
5549,7
5550,2
5551,1
5552,9
5553,7
5554,6
5555,3
5556,5
5557,7
5558,0
5559,4
5560,6
5561,1
5562,0
5563,1
5564,0
5565,7
5566,7
5567,2
5568,2
5569,1
5570,9
5571,6
5572,0
5573,3
5574,8
5575,1
5576,9
5577,6
5578,0
5579,3
5580,1
5581,4
5582,8
5583,8
5584,6
5585,0
5586,4
5587,9
5588,7
5589,8
5590,5
5591,9
5592,2
5593,1
5594,9
5595,8
5596,5
5597,4
5598,6
5599,1
5600,5
5601,6
5602,1
5603,1
5604,3
5605,4
5606,6
5607,6
5608,6
5609,3
5610,3
5611,6
5612,3
5613,5
5614,0
5615,8
5616,1
5617,1
5618,6
5619,0
5620,0
5621,5
5622,3
5623,8
5624,0
5625,8
5626,2
5627,5
5628,2
5629,8
5630,8
5631,4
5632,6
5633,5
5634,9
5635,6
5636,0
5637,9
5638,8
5639,4
5640,7
5641,3
5642,8
5643,2
5644,2
5645,1
5646,2
5647,7
5648,3
5649,6
5650,8
5651,7
5652,2
5653,1
5654,5
5655,2
5656,5
5657,9
5658,0
5659,4
5660,4
5661,4
5662,1
5663,1
5664,7
5665,2
5666,4
5667,8
5668,2
5669,2
5670,3
5671,3
5672,0
5673,7
5674,6
5675,6
5676,0
5677,6
5678,4
5679,4
5680,3
5681,5
5682,9
5683,6
5684,5
5685,1
5686,9
5687,2
5688,1
5689,7
5690,3
5691,4
5692,1
5693,1
5694,7
5695,2
5696,7
5697,5
5698,7
5699,6
5700,7
5701,9
5702,0
5703,2
5704,3
5705,5
5706,2
5707,0
5708,8
5709,9
5710,5
5711,0
5712,9
5713,2
5714,6
5715,2
5716,9
5717,1
5718,0
5719,8
5720,0
5721,8
5722,1
5723,6
5724,4
5725,7
5726,5
5727,0
5728,1
5729,7
5730,0
5731,5
5732,3
5733,7
5734,9
5735,4
5736,1
5737,1
5738,3
5739,5
5740,7
5741,3
5742,1
5743,1
5744,7
5745,4
5746,2
5747,3
5748,9
5749,2
5750,0
5751,3
5752,9
5753,7
5754,6
5755,0
5756,7
5757,5
5758,5
5759,6
5760,7
5761,6
5762,9
5763,3
5764,4
5765,8
5766,2
5767,3
5768,9
5769,0
5770,0
5771,5
5772,1
5773,7
5774,2
5775,3
5776,3
5777,1
5778,1
5779,1
5780,1
5781,7
5782,0
5783,0
5784,1
5785,5
5786,1
5787,8
5788,4
5789,5
5790,8
5791,9
5792,5
5793,9
5794,3
5795,3
5796,5
5797,5
5798,8
5799,8
5800,4
5801,3
5802,8
5803,7
5804,7
5805,4
5806,0
5807,7
5808,0
5809,9
5810,1
5811,9
5812,0
5813,7
5814,9
5815,6
5816,9
5817,4
5818,9
5819,4
5820,1
5821,1
5822,0
5823,5
5824,9
5825,0
5826,5
5827,8
5828,1
5829,3
5830,1
5831,5
5832,1
5833,3
5834,4
5835,3
5836,7
5837,3
5838,9
5839,6
5840,5
5841,3
5842,7
5843,5
5844,1
5845,3
5846,7
5847,3
5848,1
5849,9
5850,7
5851,6
5852,0
5853,6
5854,4
5855,5
5856,8
5857,4
5858,5
5859,3
5860,6
5861,5
5862,3
5863,3
5864,8
5865,7
5866,8
5867,5
5868,8
5869,4
5870,9
5871,0
5872,2
5873,2
5874,6
5875,4
5876,9
5877,4
5878,8
5879,6
5880,0
5881,3
5882,9
5883,0
5884,3
5885,7
5886,6
5887,5
5888,5
5889,2
5890,4
5891,8
5892,1
5893,3
5894,8
5895,8
5896,7
5897,5
5898,0
5899,1
5900,6
5901,7
5902,9
5903,2
5904,3
5905,2
5906,7
5907,9
5908,6
5909,1
5910,1
5911,7
5912,4
5913,0
5914,1
5915,2
5916,5
5917,2
5918,5
5919,6
5920,2
5921,7
5922,9
5923,2
5924,5
5925,0
5926,0
5927,6
5928,5
5929,6
5930,1
5931,7
5932,9
5933,9
5934,7
5935,2
5936,7
5937,2
5938,3
5939,8
5940,4
5941,2
5942,0
5943,0
5944,2
5945,7
5946,2
5947,1
5948,0
5949,8
5950,8
5951,8
5952,7
5953,5
5954,3
5955,5
5956,5
5957,6
5958,2
5959,1
5960,4
5961,8
5962,3
5963,8
5964,2
5965,5
5966,7
5967,9
5968,5
5969,8
5970,4
5971,8
5972,3
5973,6
5974,8
5975,7
5976,5
5977,3
5978,1
5979,4
5980,6
5981,1
5982,0
5983,2
5984,4
5985,3
5986,8
5987,9
5988,1
5989,6
5990,4
5991,9
5992,3
5993,5
5994,1
5995,1
5996,3
5997,8
5998,3
5999,6
6000,7
6001,0
6002,2
6003,1
6004,3
6005,1
6006,4
6007,8
6008,7
6009,8
6010,5
6011,3
6012,1
6013,5
6014,3
6015,2
6016,8
6017,3
6018,7
6019,2
6020,3
6021,4
6022,1
6023,1
6024,4
6025,9
6026,2
6027,2
6028,6
6029,7
6030,6
6031,2
6032,3
6033,2
6034,0
6035,6
6036,8
6037,9
6038,6
6039,1
6040,2
6041,2
6042,2
6043,9
6044,1
6045,1
6046,0
6047,3
6048,8
6049,2
6050,8
6051,8
6052,5
6053,6
6054,0
6055,9
6056,1
6057,6
6058,7
6059,3
6060,6
6061,6
6062,7
6063,7
6064,8
6065,5
6066,5
6067,2
6068,0
6069,9
6070,9
6071,4
6072,9
6073,7
6074,5
6075,2
6076,7
6077,4
6078,7
6079,4
6080,0
6081,4
6082,0
6083,4
6084,2
6085,2
6086,0
6087,3
6088,3
6089,0
6090,4
6091,6
6092,0
6093,4
6094,9
6095,2
6096,7
6097,9
6098,3
6099,9
6100,3
6101,7
6102,1
6103,3
6104,3
6105,1
6106,1
6107,7
6108,0
6109,6
6110,6
6111,7
6112,1
6113,2
6114,5
6115,9
6116,2
6117,4
6118,7
6119,9
6120,1
6121,6
6122,4
6123,3
6124,6
6125,1
6126,3
6127,4
6128,8
6129,1
6130,1
6131,2
6132,5
6133,4
6134,1
6135,2
6136,9
6137,0
6138,3
6139,8
6140,5
6141,9
6142,6
6143,6
6144,7
6145,8
6146,3
6147,9
6148,4
6149,1
6150,6
6151,5
6152,9
6153,8
6154,6
6155,2
6156,3
6157,9
6158,3
6159,7
6160,4
6161,2
6162,5
6163,4
6164,7
6165,8
6166,4
6167,0
6168,6
6169,5
6170,9
6171,9
6172,6
6173,0
6174,3
6175,4
6176,2
6177,1
6178,7
6179,3
6180,1
6181,8
6182,0
6183,1
6184,8
6185,0
6186,7
6187,9
6188,7
6189,6
6190,8
6191,2
6192,9
6193,3
6194,6
6195,6
6196,2
6197,8
6198,6
6199,0
6200,4
6201,6
6202,2
6203,8
6204,7
6205,6
6206,1
6207,1
6208,5
6209,2
6210,0
6211,3
6212,7
6213,6
6214,1
6215,7
6216,2
6217,4
6218,8
6219,6
6220,5
6221,3
6222,0
6223,1
6224,7
6225,2
6226,1
6227,0
6228,4
6229,3
6230,8
6231,7
6232,9
6233,1
6234,4
6235,3
6236,1
6237,6
6238,4
6239,4
6240,7
6241,9
6242,8
6243,2
6244,4
6245,9
6246,3
6247,8
6248,1
6249,4
6250,4
6251,2
6252,6
6253,0
6254,6
6255,4
6256,8
6257,0
6258,6
6259,8
6260,0
6261,6
6262,1
6263,1
6264,2
6265,8
6266,1
6267,4
6268,6
6269,1
6270,9
6271,9
6272,9
6273,5
6274,2
6275,9
6276,7
6277,1
6278,9
6279,0
6280,1
6281,8
6282,1
6283,0
6284,7
6285,1
6286,1
6287,6
6288,0
6289,0
6290,9
6291,4
6292,1
6293,5
6294,6
6295,2
6296,8
6297,8
6298,7
6299,0
6300,8
6301,3
6302,0
6303,1
6304,9
6305,4
6306,3
6307,4
6308,5
6309,3
6310,9
6311,4
6312,8
6313,7
6314,5
6315,0
6316,6
6317,7
6318,7
6319,9
6320,4
6321,6
6322,0
6323,2
6324,3
6325,8
6326,3
6327,2
6328,4
6329,0
6330,1
6331,4
6332,4
6333,7
6334,3
6335,1
6336,8
6337,9
6338,5
6339,6
6340,0
6341,0
6342,7
6343,4
6344,0
6345,0
6346,5
6347,3
6348,8
6349,1
6350,4
6351,7
6352,2
6353,4
6354,1
6355,1
6356,6
6357,6
6358,8
6359,1
6360,7
6361,8
6362,4
6363,1
6364,9
6365,1
6366,8
6367,9
6368,7
6369,2
6370,1
6371,7
6372,3
6373,2
6374,0
6375,4
6376,9
6377,6
6378,7
6379,8
6380,7
6381,2
6382,7
6383,6
6384,4
6385,0
6386,4
6387,8
6388,6
6389,5
6390,2
6391,7
6392,5
6393,6
6394,8
6395,5
6396,0
6397,5
6398,2
6399,8
6400,7
6401,2
6402,4
6403,0
6404,1
6405,0
6406,8
6407,2
6408,3
6409,9
6410,4
6411,9
6412,4
6413,1
6414,1
6415,0
6416,0
6417,1
6418,3
6419,7
6420,7
6421,4
6422,2
6423,8
6424,4
6425,4
6426,5
6427,4
6428,5
6429,6
6430,8
6431,9
6432,8
6433,3
6434,6
6435,6
6436,6
6437,2
6438,3
6439,4
6440,1
6441,9
6442,9
6443,6
6444,9
6445,7
6446,9
6447,7
6448,9
6449,1
6450,1
6451,5
6452,1
6453,9
6454,1
6455,8
6456,8
6457,6
6458,0
6459,6
6460,2
6461,7
6462,5
6463,0
6464,0
6465,5
6466,6
6467,0
6468,6
6469,2
6470,2
6471,4
6472,4
6473,4
6474,4
6475,1
6476,4
6477,7
6478,8
6479,1
6480,1
6481,5
6482,5
6483,4
6484,6
6485,8
6486,7
6487,2
6488,9
6489,9
6490,5
6491,0
6492,5
6493,3
6494,5
6495,9
6496,9
6497,6
6498,7
6499,9
6500,3
6501,0
6502,1
6503,5
6504,9
6505,1
6506,9
6507,7
6508,1
6509,4
6510,7
6511,5
6512,5
6513,8
6514,3
6515,2
6516,3
6517,4
6518,3
6519,1
6520,0
6521,3
6522,9
6523,1
6524,7
6525,4
6526,6
6527,8
6528,5
6529,7
6530,7
6531,3
6532,8
6533,9
6534,3
6535,8
6536,0
6537,4
6538,2
6539,6
6540,0
6541,1
6542,0
6543,6
6544,4
6545,1
6546,0
6547,7
6548,0
6549,8
6550,9
6551,3
6552,4
6553,5
6554,3
6555,6
6556,8
6557,1
6558,3
6559,1
6560,9
6561,3
6562,1
6563,8
6564,4
6565,1
6566,8
6567,1
6568,4
6569,5
6570,9
6571,4
6572,3
6573,3
6574,8
6575,8
6576,1
6577,0
6578,2
6579,7
6580,2
6581,4
6582,3
6583,8
6584,8
6585,5
6586,8
6587,9
6588,6
6589,4
6590,3
6591,1
6592,9
6593,2
6594,4
6595,7
6596,1
6597,1
6598,9
6599,5
6600,4
6601,1
6602,3
6603,5
6604,3
6605,2
6606,3
6607,9
6608,7
6609,3
6610,3
6611,7
6612,3
6613,8
6614,9
6615,2
6616,8
6617,6
6618,1
6619,7
6620,1
6621,7
6622,2
6623,9
6624,8
6625,2
6626,5
6627,5
6628,4
6629,4
6630,7
6631,4
6632,5
6633,5
6634,2
6635,7
6636,0
6637,7
6638,1
6639,9
6640,7
6641,2
6642,4
6643,3
6644,1
6645,0
6646,0
6647,3
6648,1
6649,0
6650,1
6651,3
6652,2
6653,7
6654,7
6655,2
6656,5
6657,7
6658,4
6659,5
6660,7
6661,7
6662,9
6663,9
6664,9
6665,1
6666,4
6667,7
6668,9
6669,7
6670,8
6671,4
6672,0
6673,5
6674,3
6675,1
6676,0
6677,9
6678,7
6679,1
6680,6
6681,0
6682,4
6683,5
6684,7
6685,0
6686,7
6687,4
6688,3
6689,8
6690,0
6691,2
6692,7
6693,4
6694,7
6695,7
6696,5
6697,5
6698,3
6699,1
6700,4
6701,2
6702,4
6703,3
6704,1
6705,1
6706,9
6707,0
6708,8
6709,8
6710,0
6711,6
6712,3
6713,0
6714,0
6715,6
6716,0
6717,0
6718,6
6719,0
6720,9
6721,6
6722,0
6723,8
6724,6
6725,8
6726,6
6727,5
6728,2
6729,5
6730,3
6731,2
6732,9
6733,8
6734,8
6735,8
6736,1
6737,5
6738,1
6739,6
6740,7
6741,2
6742,3
6743,7
6744,8
6745,3
6746,1
6747,4
6748,8
6749,1
6750,9
6751,1
6752,6
6753,8
6754,2
6755,2
6756,9
6757,5
6758,9
6759,8
6760,3
6761,6
6762,9
6763,2
6764,6
6765,8
6766,6
6767,2
6768,2
6769,4
6770,6
6771,0
6772,8
6773,6
6774,3
6775,0
6776,4
6777,4
6778,9
6779,4
6780,4
6781,7
6782,3
6783,2
6784,2
6785,4
6786,9
6787,4
6788,8
6789,6
6790,3
6791,9
6792,1
6793,6
6794,7
6795,6
6796,1
6797,1
6798,8
6799,3
6800,7
6801,3
6802,1
6803,6
6804,1
6805,1
6806,2
6807,8
6808,6
6809,5
6810,9
6811,6
6812,3
6813,8
6814,1
6815,2
6816,1
6817,7
6818,2
6819,8
6820,1
6821,8
6822,7
6823,4
6824,1
6825,2
6826,4
6827,3
6828,5
6829,2
6830,7
6831,2
6832,8
6833,4
6834,7
6835,6
6836,6
6837,3
6838,8
6839,7
6840,4
6841,5
6842,6
6843,9
6844,9
6845,9
6846,9
6847,2
6848,0
6849,5
6850,3
6851,5
6852,2
6853,9
6854,8
6855,7
6856,3
6857,5
6858,4
6859,9
6860,0
6861,6
6862,0
6863,4
6864,1
6865,0
6866,0
6867,2
6868,0
6869,1
6870,7
6871,4
6872,4
6873,1
6874,1
6875,9
6876,5
6877,9
6878,6
6879,4
6880,6
6881,3
6882,9
6883,8
6884,2
6885,3
6886,8
6887,6
6888,8
6889,4
6890,6
6891,4
6892,7
6893,2
6894,9
6895,1
6896,8
6897,7
6898,5
6899,4
6900,7
6901,4
6902,4
6903,7
6904,9
6905,8
6906,8
6907,0
6908,1
6909,7
6910,3
6911,2
6912,2
6913,5
6914,5
6915,0
6916,3
6917,7
6918,1
6919,6
6920,2
6921,5
6922,3
6923,2
6924,4
6925,3
6926,6
6927,5
6928,8
6929,6
6930,5
6931,3
6932,6
6933,9
6934,9
6935,0
6936,5
6937,3
6938,1
6939,8
6940,8
6941,8
6942,3
6943,4
6944,8
6945,2
6946,8
6947,7
6948,2
6949,7
6950,8
6951,4
6952,4
6953,2
6954,0
6955,9
6956,1
6957,1
6958,1
6959,1
6960,3
6961,3
6962,3
6963,8
6964,3
6965,2
6966,3
6967,8
6968,2
6969,6
6970,7
6971,9
6972,1
6973,9
6974,4
6975,0
6976,5
6977,7
6978,1
6979,0
6980,0
6981,8
6982,8
6983,8
6984,4
6985,7
6986,0
6987,0
6988,8
6989,7
6990,2
6991,2
6992,1
6993,7
6994,4
6995,7
6996,9
6997,5
6998,8
6999,8
7000,2
7001,8
7002,8
7003,1
7004,0
7005,5
7006,9
7007,7
7008,0
7009,0
7010,8
7011,6
7012,2
7013,4
7014,0
7015,7
7016,1
7017,9
7018,7
7019,1
7020,2
7021,4
7022,7
7023,7
7024,8
7025,3
7026,7
7027,8
7028,0
7029,9
7030,2
7031,9
7032,2
7033,9
7034,6
7035,1
7036,3
7037,0
7038,6
7039,6
7040,0
7041,1
7042,1
7043,3
7044,2
7045,4
7046,4
7047,7
7048,4
7049,3
7050,2
7051,2
7052,0
7053,5
7054,9
7055,0
7056,3
7057,6
7058,8
7059,2
7060,4
7061,2
7062,1
7063,3
7064,4
7065,3
7066,3
7067,7
7068,1
7069,7
7070,8
7071,7
7072,9
7073,9
7074,9
7075,9
7076,4
7077,1
7078,4
7079,8
7080,4
7081,8
7082,8
7083,2
7084,9
7085,3
7086,0
7087,4
7088,2
7089,6
7090,1
7091,5
7092,4
7093,9
7094,3
7095,7
7096,9
7097,6
7098,0
7099,6
7100,1
7101,2
7102,6
7103,9
7104,1
7105,7
7106,7
7107,1
7108,0
7109,2
7110,4
7111,5
7112,8
7113,0
7114,7
7115,0
7116,8
7117,7
7118,5
7119,1
7120,2
7121,5
7122,6
7123,9
7124,9
7125,8
7126,4
7127,0
7128,9
7129,3
7130,5
7131,0
7132,4
7133,0
7134,0
7135,4
7136,8
7137,9
7138,0
7139,7
7140,0
7141,1
7142,4
7143,4
7144,5
7145,0
7146,2
7147,4
7148,7
7149,9
7150,7
7151,0
7152,0
7153,5
7154,9
7155,1
7156,2
7157,7
7158,8
7159,8
7160,6
7161,2
7162,8
7163,8
7164,3
7165,6
7166,1
7167,1
7168,5
7169,8
7170,8
7171,3
7172,0
7173,0
7174,7
7175,4
7176,9
7177,0
7178,6
7179,3
7180,9
7181,6
7182,7
7183,8
7184,9
7185,4
7186,4
7187,7
7188,4
7189,3
7190,7
7191,1
7192,9
7193,8
7194,6
7195,4
7196,1
7197,8
7198,0
7199,1
7200,9
7201,7
7202,9
7203,3
7204,0
7205,9
7206,3
7207,0
7208,4
7209,1
7210,3
7211,1
7212,0
7213,7
7214,4
7215,0
7216,9
7217,8
7218,9
7219,9
7220,0
7221,1
7222,5
7223,2
7224,3
7225,9
7226,4
7227,0
7228,1
7229,4
7230,7
7231,0
7232,6
7233,1
7234,5
7235,7
7236,5
7237,9
7238,0
7239,6
7240,8
7241,2
7242,0
7243,2
7244,4
7245,8
7246,7
7247,1
7248,3
7249,7
7250,1
7251,1
7252,4
7253,8
7254,2
7255,0
7256,0
7257,2
7258,3
7259,2
7260,8
7261,1
7262,6
7263,9
7264,3
7265,8
7266,1
7267,8
7268,2
7269,3
7270,9
7271,7
7272,6
7273,3
7274,5
7275,5
7276,5
7277,0
7278,4
7279,5
7280,3
7281,9
7282,5
7283,0
7284,1
7285,5
7286,4
7287,6
7288,3
7289,8
7290,5
7291,0
7292,8
7293,4
7294,1
7295,2
7296,4
7297,3
7298,2
7299,1
7300,8
7301,7
7302,5
7303,7
7304,8
7305,3
7306,4
7307,9
7308,6
7309,1
7310,9
7311,0
7312,3
7313,8
7314,4
7315,2
7316,7
7317,1
7318,5
7319,5
7320,3
7321,6
7322,7
7323,0
7324,3
7325,7
7326,1
7327,2
7328,2
7329,4
7330,3
7331,0
7332,4
7333,9
7334,5
7335,5
7336,7
7337,6
7338,1
7339,4
7340,5
7341,9
7342,5
7343,1
7344,0
7345,8
7346,7
7347,5
7348,2
7349,7
7350,8
7351,7
7352,1
7353,0
7354,6
7355,1
7356,1
7357,7
7358,0
7359,8
7360,6
7361,1
7362,8
7363,6
7364,1
7365,6
7366,8
7367,9
7368,3
7369,5
7370,6
7371,8
7372,3
7373,8
7374,7
7375,9
7376,9
7377,9
7378,3
7379,4
7380,3
7381,4
7382,2
7383,5
7384,7
7385,4
7386,5
7387,0
7388,5
7389,1
7390,5
7391,1
7392,7
7393,0
7394,9
7395,2
7396,8
7397,3
7398,0
7399,1
7400,3
7401,1
7402,7
7403,2
7404,8
7405,9
7406,2
7407,1
7408,3
7409,8
7410,9
7411,7
7412,4
7413,1
7414,6
7415,5
7416,5
7417,1
7418,7
7419,3
7420,6
7421,4
7422,1
7423,6
7424,6
7425,9
7426,5
7427,5
7428,6
7429,8
7430,8
7431,1
7432,5
7433,7
7434,3
7435,1
7436,3
7437,9
7438,2
7439,4
7440,3
7441,8
7442,3
7443,5
7444,1
7445,4
7446,6
7447,8
7448,8
7449,8
7450,8
7451,9
7452,7
7453,6
7454,7
7455,9
7456,9
7457,8
7458,9
7459,8
7460,8
7461,7
7462,9
7463,5
7464,4
7465,6
7466,3
7467,6
7468,3
7469,0
7470,5
7471,8
7472,9
7473,2
7474,7
7475,4
7476,0
7477,2
7478,5
7479,3
7480,6
7481,1
7482,2
7483,9
7484,3
7485,5
7486,0
7487,1
7488,2
7489,3
7490,8
7491,9
7492,3
7493,4
7494,4
7495,7
7496,1
7497,0
7498,1
7499,7
7500,6
7501,7
7502,7
7503,2
7504,9
7505,7
7506,9
7507,9
7508,5
7509,1
7510,2
7511,6
7512,9
7513,8
7514,6
7515,5
7516,9
7517,6
7518,0
7519,4
7520,1
7521,2
7522,9
7523,6
7524,8
7525,9
7526,8
7527,7
7528,6
7529,8
7530,9
7531,7
7532,2
7533,2
7534,9
7535,1
7536,9
7537,1
7538,4
7539,6
7540,3
7541,0
7542,6
7543,2
7544,1
7545,6
7546,1
7547,2
7548,1
7549,4
7550,7
7551,2
7552,4
7553,7
7554,7
7555,6
7556,4
7557,3
7558,4
7559,1
7560,2
7561,6
7562,3
7563,1
7564,3
7565,5
7566,8
7567,9
7568,4
7569,8
7570,6
7571,2
7572,7
7573,9
7574,1
7575,4
7576,8
7577,5
7578,9
7579,4
7580,9
7581,0
7582,4
7583,7
7584,7
7585,5
7586,7
7587,0
7588,3
7589,0
7590,1
7591,3
7592,2
7593,1
7594,5
7595,4
7596,3
7597,7
7598,7
7599,2
7600,2
7601,3
7602,5
7603,4
7604,0
7605,3
7606,8
7607,7
7608,6
7609,3
7610,3
7611,8
7612,8
7613,2
7614,8
7615,4
7616,2
7617,2
7618,1
7619,8
7620,6
7621,7
7622,2
7623,8
7624,3
7625,5
7626,1
7627,9
7628,7
7629,0
7630,9
7631,6
7632,8
7633,0
7634,3
7635,3
7636,0
7637,6
7638,6
7639,5
7640,5
7641,0
7642,1
7643,2
7644,8
7645,2
7646,6
7647,1
7648,4
7649,6
7650,1
7651,2
7652,9
7653,3
7654,3
7655,3
7656,7
7657,2
7658,4
7659,5
7660,8
7661,0
7662,2
7663,5
7664,6
7665,3
7666,6
7667,3
7668,8
7669,1
7670,4
7671,5
7672,8
7673,9
7674,3
7675,7
7676,8
7677,7
7678,0
7679,5
7680,6
7681,6
7682,8
7683,1
7684,1
7685,2
7686,5
7687,3
7688,4
7689,9
7690,4
7691,0
7692,0
7693,0
7694,8
7695,1
7696,6
7697,4
7698,9
7699,9
7700,3
7701,4
7702,0
7703,5
7704,0
7705,4
7706,1
7707,3
7708,0
7709,2
7710,5
7711,3
7712,4
7713,0
7714,8
7715,0
7716,7
7717,3
7718,8
7719,9
7720,0
7721,9
7722,7
7723,5
7724,6
7725,9
7726,8
7727,8
7728,4
7729,2
7730,6
7731,5
7732,2
7733,7
7734,9
7735,0
7736,5
7737,8
7738,7
7739,0
7740,1
7741,2
7742,2
7743,7
7744,0
7745,5
7746,4
7747,2
7748,2
7749,6
7750,2
7751,1
7752,5
7753,5
7754,8
7755,3
7756,9
7757,1
7758,1
7759,5
7760,2
7761,2
7762,9
7763,7
7764,9
7765,3
7766,2
7767,1
7768,6
7769,3
7770,2
7771,5
7772,2
7773,5
7774,2
7775,8
7776,9
7777,9
7778,6
7779,0
7780,8
7781,6
7782,1
7783,8
7784,4
7785,8
7786,3
7787,2
7788,0
7789,2
7790,9
7791,9
7792,7
7793,2
7794,5
7795,5
7796,4
7797,0
7798,1
7799,2
7800,8
7801,6
7802,1
7803,4
7804,2
7805,9
7806,4
7807,9
7808,5
7809,2
7810,9
7811,9
7812,2
7813,4
7814,2
7815,7
7816,2
7817,4
7818,6
7819,6
7820,3
7821,9
7822,2
7823,7
7824,8
7825,3
7826,6
7827,1
7828,2
7829,6
7830,9
7831,9
7832,6
7833,7
7834,9
7835,9
7836,9
7837,3
7838,5
7839,8
7840,3
7841,3
7842,3
7843,5
7844,8
7845,0
7846,6
7847,9
7848,9
7849,3
7850,1
7851,0
7852,0
7853,6
7854,3
7855,5
7856,6
7857,8
7858,9
7859,5
7860,1
7861,7
7862,6
7863,1
7864,1
7865,1
7866,4
7867,1
7868,0
7869,8
7870,1
7871,3
7872,7
7873,4
7874,2
7875,5
7876,3
7877,8
7878,9
7879,4
7880,7
7881,7
7882,9
7883,5
7884,3
7885,2
7886,1
7887,0
7888,2
7889,4
7890,1
7891,7
7892,4
7893,3
7894,6
7895,4
7896,0
7897,3
7898,8
7899,5
7900,0
7901,0
7902,6
7903,9
7904,1
7905,4
7906,7
7907,6
7908,6
7909,5
7910,7
7911,3
7912,2
7913,6
7914,7
7915,1
7916,3
7917,2
7918,8
7919,1
7920,6
7921,6
7922,4
7923,4
7924,7
7925,3
7926,6
7927,1
7928,3
7929,8
7930,4
7931,9
7932,3
7933,1
7934,9
7935,9
7936,9
7937,1
7938,7
7939,0
7940,2
7941,5
7942,1
7943,2
7944,7
7945,6
7946,1
7947,6
7948,8
7949,7
7950,0
7951,2
7952,8
7953,2
7954,8
7955,1
7956,2
7957,5
7958,5
7959,6
7960,7
7961,7
7962,0
7963,8
7964,1
7965,1
7966,3
7967,2
7968,4
7969,6
7970,7
7971,5
7972,6
7973,4
7974,3
7975,5
7976,3
7977,0
7978,3
7979,3
7980,9
7981,7
7982,8
7983,9
7984,2
7985,7
7986,9
7987,9
7988,1
7989,0
7990,6
7991,4
7992,0
7993,1
7994,5
7995,5
7996,3
7997,9
7998,2
7999,4
8000,7
8001,8
8002,5
8003,1
8004,4
8005,3
8006,7
8007,5
8008,8
8009,4
8010,9
8011,6
8012,5
8013,1
8014,1
8015,6
8016,5
8017,1
8018,4
8019,7
8020,0
8021,2
8022,1
8023,9
8024,7
8025,3
8026,4
8027,8
8028,7
8029,6
8030,7
8031,4
8032,2
8033,3
8034,8
8035,0
8036,5
8037,6
8038,5
8039,9
8040,1
8041,7
8042,2
8043,3
8044,3
8045,4
8046,3
8047,1
8048,3
8049,8
8050,2
8051,3
8052,2
8053,4
8054,8
8055,3
8056,4
8057,0
8058,2
8059,7
8060,3
8061,4
8062,1
8063,3
8064,0
8065,1
8066,2
8067,6
8068,8
8069,6
8070,2
8071,6
8072,1
8073,2
8074,7
8075,4
8076,3
8077,3
8078,0
8079,1
8080,9
8081,7
8082,2
8083,2
8084,9
8085,4
8086,5
8087,7
8088,2
8089,3
8090,2
8091,1
8092,4
8093,0
8094,5
8095,1
8096,6
8097,7
8098,8
8099,1
8100,7
8101,0
8102,9
8103,1
8104,7
8105,5
8106,0
8107,5
8108,9
8109,0
8110,0
8111,1
8112,4
8113,4
8114,0
8115,3
8116,4
8117,3
8118,8
8119,8
8120,8
8121,1
8122,5
8123,4
8124,1
8125,8
8126,8
8127,9
8128,8
8129,8
8130,3
8131,5
8132,1
8133,4
8134,7
8135,0
8136,1
8137,8
8138,5
8139,0
8140,5
8141,1
8142,9
8143,2
8144,9
8145,8
8146,2
8147,6
8148,0
8149,9
8150,2
8151,4
8152,6
8153,7
8154,8
8155,2
8156,7
8157,7
8158,5
8159,4
8160,3
8161,3
8162,8
8163,1
8164,2
8165,3
8166,5
8167,2
8168,3
8169,0
8170,2
8171,1
8172,9
8173,4
8174,7
8175,9
8176,4
8177,7
8178,7
8179,7
8180,9
8181,5
8182,2
8183,9
8184,4
8185,5
8186,4
8187,1
8188,6
8189,4
8190,5
8191,7
8192,3
8193,8
8194,3
8195,3
8196,4
8197,0
8198,6
8199,3
8200,1
8201,5
8202,0
8203,8
8204,5
8205,6
8206,1
8207,7
8208,2
8209,1
8210,5
8211,0
8212,4
8213,1
8214,2
8215,9
8216,9
8217,9
8218,4
8219,6
8220,5
8221,0
8222,2
8223,8
8224,8
8225,6
8226,0
8227,4
8228,0
8229,8
8230,8
8231,6
8232,9
8233,4
8234,5
8235,8
8236,1
8237,4
8238,6
8239,4
8240,8
8241,1
8242,1
8243,0
8244,3
8245,0
8246,6
8247,4
8248,9
8249,3
8250,0
8251,0
8252,9
8253,1
8254,0
8255,6
8256,4
8257,2
8258,0
8259,9
8260,5
8261,4
8262,6
8263,5
8264,7
8265,6
8266,3
8267,5
8268,0
8269,3
8270,1
8271,5
8272,2
8273,6
8274,2
8275,3
8276,1
8277,1
8278,1
8279,1
8280,2
8281,1
8282,3
8283,5
8284,7
8285,1
8286,8
8287,8
8288,0
8289,1
8290,5
8291,6
8292,6
8293,8
8294,0
8295,8
8296,4
8297,1
8298,6
8299,6
8300,7
8301,3
8302,4
8303,6
8304,8
8305,0
8306,5
8307,9
8308,9
8309,9
8310,3
8311,6
8312,3
8313,2
8314,5
8315,6
8316,6
8317,4
8318,8
8319,8
8320,9
8321,9
8322,4
8323,3
8324,2
8325,8
8326,3
8327,6
8328,1
8329,7
8330,8
8331,1
8332,5
8333,9
8334,9
8335,9
8336,5
8337,6
8338,3
8339,2
8340,2
8341,5
8342,2
8343,7
8344,1
8345,2
8346,9
8347,4
8348,7
8349,8
8350,8
8351,3
8352,2
8353,4
8354,7
8355,0
8356,7
8357,4
8358,8
8359,2
8360,7
8361,0
8362,2
8363,7
8364,2
8365,4
8366,2
8367,1
8368,9
8369,7
8370,1
8371,7
8372,7
8373,1
8374,3
8375,4
8376,7
8377,8
8378,5
8379,4
8380,0
8381,5
8382,9
8383,7
8384,8
8385,4
8386,5
8387,6
8388,1
8389,2
8390,2
8391,7
8392,1
8393,3
8394,4
8395,4
8396,2
8397,2
8398,6
8399,0
8400,5
8401,0
8402,2
8403,0
8404,5
8405,7
8406,4
8407,4
8408,0
8409,4
8410,5
8411,4
8412,0
8413,0
8414,3
8415,9
8416,9
8417,9
8418,9
8419,2
8420,6
8421,2
8422,0
8423,2
8424,0
8425,5
8426,1
8427,9
8428,5
8429,1
8430,6
8431,1
8432,1
8433,9
8434,7
8435,5
8436,8
8437,2
8438,3
8439,7
8440,9
8441,1
8442,6
8443,0
8444,2
8445,2
8446,6
8447,5
8448,5
8449,7
8450,7
8451,3
8452,0
8453,0
8454,6
8455,0
8456,4
8457,8
8458,7
8459,1
8460,9
8461,0
8462,6
8463,0
8464,0
8465,7
8466,0
8467,5
8468,1
8469,6
8470,4
8471,7
8472,6
8473,2
8474,2
8475,9
8476,9
8477,1
8478,5
8479,8
8480,0
8481,5
8482,4
8483,8
8484,3
8485,9
8486,3
8487,6
8488,9
8489,6
8490,1
8491,7
8492,1
8493,9
8494,9
8495,5
8496,0
8497,8
8498,9
8499,4
8500,0
8501,4
8502,4
8503,8
8504,9
8505,3
8506,9
8507,8
8508,6
8509,4
8510,3
8511,0
8512,4
8513,9
8514,8
8515,8
8516,6
8517,9
8518,5
8519,6
8520,6
8521,4
8522,6
8523,9
8524,4
8525,2
8526,5
8527,1
8528,6
8529,5
8530,3
8531,5
8532,1
8533,7
8534,3
8535,5
8536,5
8537,5
8538,4
8539,5
8540,0
8541,1
8542,7
8543,7
8544,5
8545,6
8546,7
8547,0
8548,7
8549,1
8550,3
8551,0
8552,9
8553,1
8554,9
8555,0
8556,7
8557,6
8558,4
8559,0
8560,8
8561,6
8562,7
8563,2
8564,5
8565,1
8566,2
8567,1
8568,5
8569,8
8570,2
8571,6
8572,0
8573,1
8574,7
8575,2
8576,1
8577,6
8578,5
8579,8
8580,0
8581,9
8582,0
8583,5
8584,6
8585,3
8586,3
8587,2
8588,4
8589,3
8590,4
8591,8
8592,6
8593,4
8594,2
8595,1
8596,7
8597,7
8598,5
8599,3
8600,4
8601,1
8602,2
8603,8
8604,2
8605,0
8606,8
8607,7
8608,0
8609,2
8610,2
8611,3
8612,0
8613,6
8614,3
8615,2
8616,7
8617,1
8618,0
8619,7
8620,0
8621,2
8622,7
8623,0
8624,1
8625,5
8626,8
8627,1
8628,7
8629,4
8630,9
8631,9
8632,7
8633,7
8634,2
8635,1
8636,0
8637,7
8638,5
8639,7
8640,3
8641,7
8642,8
8643,1
8644,9
8645,5
8646,9
8647,4
8648,9
8649,7
8650,0
8651,3
8652,7
8653,9
8654,9
8655,9
8656,2
8657,1
8658,6
8659,7
8660,3
8661,7
8662,3
8663,1
8664,2
8665,9
8666,6
8667,4
8668,4
8669,8
8670,3
8671,6
8672,6
8673,9
8674,9
8675,9
8676,5
8677,5
8678,4
8679,9
8680,4
8681,2
8682,2
8683,9
8684,0
8685,4
8686,4
8687,2
8688,8
8689,5
8690,1
8691,4
8692,1
8693,5
8694,3
8695,7
8696,5
8697,6
8698,2
8699,7
8700,6
8701,8
8702,8
8703,5
8704,8
8705,0
8706,0
8707,2
8708,7
8709,1
8710,4
8711,0
8712,4
8713,8
8714,2
8715,3
8716,0
8717,9
8718,7
8719,3
8720,4
8721,7
8722,3
8723,4
8724,3
8725,3
8726,8
8727,6
8728,4
8729,8
8730,9
8731,4
8732,6
8733,9
8734,5
8735,2
8736,5
8737,6
8738,1
8739,9
8740,5
8741,2
8742,4
8743,6
8744,0
8745,0
8746,8
8747,7
8748,2
8749,1
8750,0
8751,0
8752,6
8753,9
8754,7
8755,0
8756,4
8757,5
8758,2
8759,8
8760,7
8761,4
8762,1
8763,6
8764,7
8765,1
8766,8
8767,4
8768,3
8769,7
8770,8
8771,1
8772,7
8773,8
8774,9
8775,7
8776,6
8777,0
8778,4
8779,8
8780,2
8781,6
8782,2
8783,0
8784,4
8785,1
8786,3
8787,2
8788,4
8789,8
8790,3
8791,5
8792,0
8793,0
8794,2
8795,9
8796,7
8797,9
8798,5
8799,6
8800,2
8801,5
8802,7
8803,4
8804,8
8805,7
8806,1
8807,0
8808,2
8809,4
8810,2
8811,4
8812,3
8813,7
8814,4
8815,1
8816,8
8817,9
8818,3
8819,3
8820,7
8821,1
8822,5
8823,2
8824,2
8825,9
8826,0
8827,9
8828,6
8829,1
8830,0
8831,3
8832,4
8833,4
8834,3
8835,4
8836,9
8837,1
8838,7
8839,5
8840,8
8841,9
8842,8
8843,2
8844,3
8845,6
8846,1
8847,1
8848,2
8849,2
8850,9
8851,2
8852,8
8853,4
8854,1
8855,5
8856,9
8857,6
8858,6
8859,4
8860,5
8861,2
8862,4
8863,5
8864,1
8865,1
8866,7
8867,3
8868,7
8869,8
8870,6
8871,0
8872,9
8873,0
8874,1
8875,5
8876,7
8877,6
8878,2
8879,9
8880,0
8881,8
8882,8
8883,0
8884,5
8885,0
8886,0
8887,0
8888,8
8889,6
8890,2
8891,3
8892,0
8893,0
8894,1
8895,7
8896,4
8897,9
8898,2
8899,7
8900,9
8901,1
8902,0
8903,2
8904,2
8905,1
8906,3
8907,1
8908,3
8909,6
8910,9
8911,2
8912,6
8913,1
8914,4
8915,3
8916,4
8917,8
8918,9
8919,8
8920,3
8921,8
8922,8
8923,0
8924,4
8925,3
8926,2
8927,8
8928,2
8929,9
8930,9
8931,2
8932,9
8933,7
8934,1
8935,2
8936,9
8937,2
8938,3
8939,9
8940,5
8941,2
8942,8
8943,1
8944,1
8945,5
8946,8
8947,7
8948,5
8949,8
8950,0
8951,7
8952,6
8953,2
8954,4
8955,4
8956,0
8957,1
8958,7
8959,4
8960,3
8961,3
8962,6
8963,1
8964,5
8965,9
8966,5
8967,8
8968,4
8969,9
8970,5
8971,6
8972,0
8973,1
8974,3
8975,9
8976,4
8977,8
8978,6
8979,7
8980,9
8981,5
8982,2
8983,5
8984,6
8985,0
8986,4
8987,4
8988,3
8989,8
8990,0
8991,7
8992,1
8993,8
8994,4
8995,2
8996,3
8997,6
8998,7
8999,1
9000,4
9001,0
9002,1
9003,6
9004,9
9005,2
9006,4
9007,9
9008,2
9009,1
9010,3
9011,7
9012,6
9013,7
9014,3
9015,6
9016,2
9017,7
9018,6
9019,0
9020,5
9021,4
9022,7
9023,8
9024,4
9025,7
9026,5
9027,8
9028,1
9029,9
9030,2
9031,9
9032,2
9033,8
9034,0
9035,1
9036,3
9037,9
9038,9
9039,6
9040,2
9041,3
9042,0
9043,3
9044,1
9045,0
9046,7
9047,8
9048,0
9049,7
9050,4
9051,9
9052,9
9053,1
9054,2
9055,2
9056,8
9057,8
9058,6
9059,2
9060,2
9061,2
9062,7
9063,9
9064,1
9065,0
9066,6
9067,6
9068,1
9069,5
9070,6
9071,1
9072,9
9073,7
9074,6
9075,8
9076,3
9077,7
9078,8
9079,3
9080,0
9081,6
9082,1
9083,7
9084,1
9085,8
9086,0
9087,7
9088,5
9089,9
9090,3
9091,0
9092,3
9093,5
9094,8
9095,6
9096,1
9097,9
9098,3
9099,6
9100,4
9101,4
9102,0
9103,6
9104,1
9105,0
9106,2
9107,3
9108,6
9109,3
9110,6
9111,0
9112,5
9113,3
9114,8
9115,7
9116,7
9117,5
9118,8
9119,8
9120,8
9121,7
9122,2
9123,3
9124,0
9125,1
9126,5
9127,0
9128,4
9129,4
9130,8
9131,9
9132,0
9133,5
9134,4
9135,6
9136,5
9137,1
9138,7
9139,2
9140,6
9141,2
9142,1
9143,9
9144,4
9145,8
9146,1
9147,9
9148,1
9149,7
9150,9
9151,1
9152,6
9153,7
9154,0
9155,1
9156,4
9157,5
9158,1
9159,6
9160,7
9161,5
9162,9
9163,6
9164,3
9165,7
9166,4
9167,1
9168,3
9169,7
9170,3
9171,9
9172,9
9173,1
9174,6
9175,1
9176,7
9177,2
9178,3
9179,9
9180,9
9181,7
9182,7
9183,2
9184,9
9185,0
9186,1
9187,1
9188,0
9189,5
9190,7
9191,7
9192,3
9193,2
9194,1
9195,4
9196,1
9197,5
9198,4
9199,0
9200,8
9201,5
9202,6
9203,4
9204,1
9205,3
9206,6
9207,7
9208,1
9209,3
9210,2
9211,1
9212,1
9213,4
9214,0
9215,0
9216,8
9217,4
9218,6
9219,7
9220,9
9221,9
9222,9
9223,6
9224,9
9225,6
9226,5
9227,3
9228,8
9229,8
9230,0
9231,4
9232,7
9233,0
9234,3
9235,0
9236,3
9237,0
9238,8
9239,7
9240,6
9241,1
9242,8
9243,9
9244,6
9245,3
9246,1
9247,1
9248,8
9249,6
9250,6
9251,0
9252,9
9253,9
9254,7
9255,6
9256,4
9257,7
9258,4
9259,1
9260,0
9261,6
9262,5
9263,0
9264,0
9265,0
9266,5
9267,4
9268,4
9269,1
9270,2
9271,4
9272,1
9273,9
9274,0
9275,2
9276,7
9277,5
9278,3
9279,4
9280,1
9281,2
9282,7
9283,3
9284,9
9285,2
9286,5
9287,8
9288,3
9289,7
9290,2
9291,5
9292,6
9293,1
9294,9
9295,1
9296,1
9297,4
9298,9
9299,2
9300,9
9301,8
9302,3
9303,3
9304,0
9305,7
9306,7
9307,4
9308,0
9309,0
9310,9
9311,7
9312,0
9313,0
9314,0
9315,8
9316,2
9317,2
9318,3
9319,2
9320,9
9321,7
9322,7
9323,3
9324,8
9325,6
9326,4
9327,7
9328,1
9329,7
9330,8
9331,1
9332,0
9333,0
9334,7
9335,2
9336,9
9337,1
9338,7
9339,4
9340,2
9341,0
9342,8
9343,3
9344,7
9345,4
9346,6
9347,7
9348,2
9349,1
9350,9
9351,3
9352,9
9353,8
9354,0
9355,6
9356,1
9357,4
9358,0
9359,3
9360,8
9361,4
9362,8
9363,0
9364,2
9365,5
9366,1
9367,3
9368,9
9369,2
9370,4
9371,8
9372,0
9373,5
9374,5
9375,1
9376,0
9377,4
9378,5
9379,0
9380,6
9381,5
9382,8
9383,2
9384,7
9385,8
9386,9
9387,3
9388,2
9389,5
9390,2
9391,5
9392,6
9393,5
9394,6
9395,5
9396,0
9397,2
9398,6
9399,4
9400,4
9401,6
9402,7
9403,9
9404,9
9405,5
9406,6
9407,6
9408,0
9409,7
9410,8
9411,9
9412,7
9413,6
9414,0
9415,6
9416,6
9417,7
9418,2
9419,6
9420,4
9421,3
9422,5
9423,9
9424,2
9425,0
9426,0
9427,1
9428,8
9429,9
9430,1
9431,6
9432,2
9433,1
9434,5
9435,5
9436,6
9437,6
9438,4
9439,6
9440,2
9441,0
9442,8
9443,1
9444,8
9445,3
9446,1
9447,2
9448,9
9449,7
9450,6
9451,8
9452,2
9453,6
9454,9
9455,7
9456,9
9457,5
9458,5
9459,5
9460,8
9461,5
9462,5
9463,0
9464,1
9465,3
9466,9
9467,2
9468,3
9469,3
9470,7
9471,3
9472,8
9473,2
9474,4
9475,5
9476,6
9477,8
9478,7
9479,9
9480,3
9481,5
9482,3
9483,3
9484,4
9485,9
9486,2
9487,3
9488,0
9489,3
9490,8
9491,1
9492,4
9493,6
9494,9
9495,1
9496,7
9497,8
9498,4
9499,8
9500,3
9501,2
9502,7
9503,3
9504,0
9505,0
9506,9
9507,4
9508,9
9509,8
9510,2
9511,7
9512,2
9513,5
9514,4
9515,9
9516,2
9517,0
9518,4
9519,7
9520,6
9521,6
9522,9
9523,6
9524,8
9525,6
9526,5
9527,4
9528,4
9529,4
9530,1
9531,9
9532,6
9533,7
9534,6
9535,7
9536,1
9537,4
9538,6
9539,3
9540,2
9541,5
9542,1
9543,8
9544,3
9545,9
9546,4
9547,3
9548,9
9549,3
9550,9
9551,5
9552,7
9553,1
9554,3
9555,8
9556,0
9557,2
9558,0
9559,4
9560,7
9561,3
9562,6
9563,4
9564,4
9565,2
9566,1
9567,0
9568,3
9569,9
9570,3
9571,8
9572,7
9573,7
9574,1
9575,9
9576,7
9577,0
9578,9
9579,9
9580,4
9581,3
9582,4
9583,6
9584,0
9585,1
9586,5
9587,8
9588,8
9589,1
9590,4
9591,0
9592,7
9593,3
9594,0
9595,0
9596,7
9597,3
9598,9
9599,3
9600,8
9601,9
9602,2
9603,8
9604,1
9605,7
9606,1
9607,1
9608,6
9609,6
9610,9
9611,2
9612,3
9613,5
9614,5
9615,6
9616,4
9617,8
9618,7
9619,6
9620,1
9621,4
9622,2
9623,8
9624,9
9625,7
9626,7
9627,2
9628,8
9629,0
9630,9
9631,3
9632,1
9633,1
9634,5
9635,2
9636,2
9637,6
9638,4
9639,0
9640,9
9641,1
9642,3
9643,9
9644,2
9645,4
9646,6
9647,7
9648,2
9649,7
9650,2
9651,0
9652,5
9653,7
9654,2
9655,1
9656,6
9657,4
9658,9
9659,1
9660,8
9661,3
9662,4
9663,2
9664,8
9665,1
9666,0
9667,1
9668,7
9669,1
9670,9
9671,9
9672,0
9673,6
9674,3
9675,4
9676,2
9677,2
9678,1
9679,2
9680,3
9681,1
9682,2
9683,5
9684,0
9685,8
9686,8
9687,6
9688,6
9689,0
9690,1
9691,9
9692,6
9693,8
9694,0
9695,4
9696,4
9697,9
9698,2
9699,8
9700,4
9701,7
9702,9
9703,7
9704,8
9705,8
9706,8
9707,1
9708,2
9709,9
9710,2
9711,5
9712,6
9713,3
9714,0
9715,1
9716,1
9717,5
9718,0
9719,2
9720,3
9721,7
9722,2
9723,9
9724,2
9725,1
9726,9
9727,5
9728,3
9729,6
9730,0
9731,4
9732,9
9733,2
9734,2
9735,3
9736,7
9737,8
9738,9
9739,7
9740,5
9741,2
9742,8
9743,4
9744,3
9745,6
9746,1
9747,5
9748,1
9749,9
9750,5
9751,8
9752,2
9753,8
9754,3
9755,7
9756,8
9757,7
9758,2
9759,0
9760,7
9761,3
9762,9
9763,5
9764,2
9765,4
9766,9
9767,1
9768,5
9769,5
9770,4
9771,2
9772,8
9773,4
9774,1
9775,5
9776,5
9777,9
9778,1
9779,0
9780,6
9781,5
9782,6
9783,6
9784,4
9785,1
9786,0
9787,2
9788,2
9789,1
9790,1
9791,5
9792,3
9793,1
9794,0
9795,3
9796,8
9797,2
9798,9
9799,1
9800,0
9801,0
9802,2
9803,1
9804,4
9805,6
9806,6
9807,3
9808,7
9809,1
9810,2
9811,0
9812,5
9813,5
9814,9
9815,5
9816,2
9817,6
9818,6
9819,6
9820,2
9821,0
9822,8
9823,1
9824,5
9825,9
9826,9
9827,8
9828,9
9829,5
9830,9
9831,8
9832,2
9833,8
9834,5
9835,6
9836,0
9837,0
9838,1
9839,0
9840,1
9841,6
9842,1
9843,6
9844,4
9845,1
9846,0
9847,3
9848,5
9849,8
9850,3
9851,6
9852,2
9853,0
9854,2
9855,4
9856,1
9857,5
9858,1
9859,8
9860,3
9861,2
9862,9
9863,0
9864,1
9865,1
9866,8
9867,9
9868,3
9869,5
9870,2
9871,4
9872,2
9873,1
9874,5
9875,4
9876,0
9877,8
9878,3
9879,4
9880,6
9881,3
9882,6
9883,1
9884,8
9885,3
9886,7
9887,9
9888,5
9889,0
9890,0
9891,2
9892,1
9893,4
9894,9
9895,9
9896,1
9897,7
9898,5
9899,7
9900,7
9901,9
9902,1
9903,1
9904,7
9905,3
9906,9
9907,3
9908,1
9909,0
9910,4
9911,5
9912,3
9913,1
9914,0
9915,2
9916,5
9917,5
9918,8
9919,6
9920,1
9921,1
9922,6
9923,1
9924,2
9925,9
9926,3
9927,2
9928,0
9929,6
9930,0
9931,0
9932,2
9933,1
9934,3
9935,2
9936,8
9937,8
9938,9
9939,7
9940,3
9941,2
9942,9
9943,9
9944,6
9945,3
9946,2
9947,3
9948,0
9949,8
9950,7
9951,1
9952,5
9953,7
9954,7
9955,4
9956,7
9957,4
9958,3
9959,0
9960,1
9961,4
9962,9
9963,3
9964,2
9965,1
9966,0
9967,6
9968,6
9969,9
9970,8
9971,6
9972,6
9973,9
9974,7
9975,5
9976,2
9977,9
9978,9
9979,3
9980,2
9981,7
9982,9
9983,2
9984,4
9985,3
9986,3
9987,3
9988,3
9989,2
9990,4
9991,2
9992,6
9993,9
9994,0
9995,3
9996,3
9997,2
9998,2
9999,3
